DATUM;TL [degC]
01.06.2015 00:00;121
01.06.2015 00:10;127
01.06.2015 00:20;121
01.06.2015 00:30;116
01.06.2015 00:40;124
01.06.2015 00:50;122
01.06.2015 01:00;121
01.06.2015 01:10;118
01.06.2015 01:20;119
01.06.2015 01:30;113
01.06.2015 01:40;114
01.06.2015 01:50;108
01.06.2015 02:00;113
01.06.2015 02:10;104
01.06.2015 02:20;112
01.06.2015 02:30;107
01.06.2015 02:40;105
01.06.2015 02:50;106
01.06.2015 03:00;105
01.06.2015 03:10;101
01.06.2015 03:20;103
01.06.2015 03:30;103
01.06.2015 03:40;101
01.06.2015 03:50;100
01.06.2015 04:00;102
01.06.2015 04:10;105
01.06.2015 04:20;109
01.06.2015 04:30;112
01.06.2015 04:40;116
01.06.2015 04:50;122
01.06.2015 05:00;126
01.06.2015 05:10;130
01.06.2015 05:20;135
01.06.2015 05:30;134
01.06.2015 05:40;135
01.06.2015 05:50;141
01.06.2015 06:00;143
01.06.2015 06:10;147
01.06.2015 06:20;150
01.06.2015 06:30;155
01.06.2015 06:40;160
01.06.2015 06:50;159
01.06.2015 07:00;161
01.06.2015 07:10;164
01.06.2015 07:20;168
01.06.2015 07:30;178
01.06.2015 07:40;177
01.06.2015 07:50;182
01.06.2015 08:00;184
01.06.2015 08:10;190
01.06.2015 08:20;192
01.06.2015 08:30;197
01.06.2015 08:40;202
01.06.2015 08:50;204
01.06.2015 09:00;206
01.06.2015 09:10;201
01.06.2015 09:20;209
01.06.2015 09:30;209
01.06.2015 09:40;214
01.06.2015 09:50;217
01.06.2015 10:00;220
01.06.2015 10:10;225
01.06.2015 10:20;228
01.06.2015 10:30;236
01.06.2015 10:40;236
01.06.2015 10:50;237
01.06.2015 11:00;239
01.06.2015 11:10;240
01.06.2015 11:20;246
01.06.2015 11:30;246
01.06.2015 11:40;249
01.06.2015 11:50;256
01.06.2015 12:00;255
01.06.2015 12:10;255
01.06.2015 12:20;260
01.06.2015 12:30;260
01.06.2015 12:40;262
01.06.2015 12:50;267
01.06.2015 13:00;272
01.06.2015 13:10;269
01.06.2015 13:20;270
01.06.2015 13:30;269
01.06.2015 13:40;272
01.06.2015 13:50;277
01.06.2015 14:00;285
01.06.2015 14:10;278
01.06.2015 14:20;274
01.06.2015 14:30;276
01.06.2015 14:40;265
01.06.2015 14:50;263
01.06.2015 15:00;264
01.06.2015 15:10;259
01.06.2015 15:20;250
01.06.2015 15:30;249
01.06.2015 15:40;248
01.06.2015 15:50;246
01.06.2015 16:00;244
01.06.2015 16:10;242
01.06.2015 16:20;240
01.06.2015 16:30;239
01.06.2015 16:40;234
01.06.2015 16:50;232
01.06.2015 17:00;233
01.06.2015 17:10;227
01.06.2015 17:20;230
01.06.2015 17:30;232
01.06.2015 17:40;233
01.06.2015 17:50;227
01.06.2015 18:00;212
01.06.2015 18:10;209
01.06.2015 18:20;204
01.06.2015 18:30;204
01.06.2015 18:40;204
01.06.2015 18:50;204
01.06.2015 19:00;204
01.06.2015 19:10;206
01.06.2015 19:20;207
01.06.2015 19:30;204
01.06.2015 19:40;198
01.06.2015 19:50;195
01.06.2015 20:00;194
01.06.2015 20:10;194
01.06.2015 20:20;195
01.06.2015 20:30;195
01.06.2015 20:40;191
01.06.2015 20:50;184
01.06.2015 21:00;176
01.06.2015 21:10;172
01.06.2015 21:20;171
01.06.2015 21:30;167
01.06.2015 21:40;167
01.06.2015 21:50;166
01.06.2015 22:00;163
01.06.2015 22:10;161
01.06.2015 22:20;158
01.06.2015 22:30;158
01.06.2015 22:40;157
01.06.2015 22:50;157
01.06.2015 23:00;159
01.06.2015 23:10;157
01.06.2015 23:20;157
01.06.2015 23:30;159
01.06.2015 23:40;158
01.06.2015 23:50;158
02.06.2015 00:00;154
02.06.2015 00:10;152
02.06.2015 00:20;154
02.06.2015 00:30;154
02.06.2015 00:40;153
02.06.2015 00:50;153
02.06.2015 01:00;150
02.06.2015 01:10;150
02.06.2015 01:20;150
02.06.2015 01:30;150
02.06.2015 01:40;152
02.06.2015 01:50;152
02.06.2015 02:00;151
02.06.2015 02:10;149
02.06.2015 02:20;150
02.06.2015 02:30;149
02.06.2015 02:40;148
02.06.2015 02:50;147
02.06.2015 03:00;148
02.06.2015 03:10;149
02.06.2015 03:20;150
02.06.2015 03:30;151
02.06.2015 03:40;150
02.06.2015 03:50;150
02.06.2015 04:00;150
02.06.2015 04:10;150
02.06.2015 04:20;150
02.06.2015 04:30;152
02.06.2015 04:40;154
02.06.2015 04:50;155
02.06.2015 05:00;155
02.06.2015 05:10;157
02.06.2015 05:20;156
02.06.2015 05:30;155
02.06.2015 05:40;157
02.06.2015 05:50;160
02.06.2015 06:00;163
02.06.2015 06:10;166
02.06.2015 06:20;163
02.06.2015 06:30;165
02.06.2015 06:40;166
02.06.2015 06:50;168
02.06.2015 07:00;171
02.06.2015 07:10;173
02.06.2015 07:20;173
02.06.2015 07:30;176
02.06.2015 07:40;177
02.06.2015 07:50;177
02.06.2015 08:00;181
02.06.2015 08:10;184
02.06.2015 08:20;187
02.06.2015 08:30;192
02.06.2015 08:40;193
02.06.2015 08:50;201
02.06.2015 09:00;202
02.06.2015 09:10;205
02.06.2015 09:20;211
02.06.2015 09:30;214
02.06.2015 09:40;220
02.06.2015 09:50;218
02.06.2015 10:00;224
02.06.2015 10:10;227
02.06.2015 10:20;228
02.06.2015 10:30;232
02.06.2015 10:40;237
02.06.2015 10:50;239
02.06.2015 11:00;241
02.06.2015 11:10;244
02.06.2015 11:20;248
02.06.2015 11:30;248
02.06.2015 11:40;252
02.06.2015 11:50;255
02.06.2015 12:00;254
02.06.2015 12:10;257
02.06.2015 12:20;258
02.06.2015 12:30;259
02.06.2015 12:40;256
02.06.2015 12:50;258
02.06.2015 13:00;260
02.06.2015 13:10;263
02.06.2015 13:20;266
02.06.2015 13:30;268
02.06.2015 13:40;275
02.06.2015 13:50;276
02.06.2015 14:00;277
02.06.2015 14:10;277
02.06.2015 14:20;281
02.06.2015 14:30;275
02.06.2015 14:40;275
02.06.2015 14:50;277
02.06.2015 15:00;273
02.06.2015 15:10;276
02.06.2015 15:20;273
02.06.2015 15:30;274
02.06.2015 15:40;270
02.06.2015 15:50;268
02.06.2015 16:00;264
02.06.2015 16:10;262
02.06.2015 16:20;270
02.06.2015 16:30;263
02.06.2015 16:40;265
02.06.2015 16:50;252
02.06.2015 17:00;251
02.06.2015 17:10;245
02.06.2015 17:20;245
02.06.2015 17:30;246
02.06.2015 17:40;239
02.06.2015 17:50;238
02.06.2015 18:00;239
02.06.2015 18:10;234
02.06.2015 18:20;234
02.06.2015 18:30;231
02.06.2015 18:40;229
02.06.2015 18:50;225
02.06.2015 19:00;222
02.06.2015 19:10;220
02.06.2015 19:20;225
02.06.2015 19:30;220
02.06.2015 19:40;210
02.06.2015 19:50;209
02.06.2015 20:00;206
02.06.2015 20:10;206
02.06.2015 20:20;200
02.06.2015 20:30;195
02.06.2015 20:40;198
02.06.2015 20:50;196
02.06.2015 21:00;194
02.06.2015 21:10;188
02.06.2015 21:20;188
02.06.2015 21:30;187
02.06.2015 21:40;185
02.06.2015 21:50;181
02.06.2015 22:00;177
02.06.2015 22:10;178
02.06.2015 22:20;176
02.06.2015 22:30;173
02.06.2015 22:40;176
02.06.2015 22:50;168
02.06.2015 23:00;168
02.06.2015 23:10;170
02.06.2015 23:20;162
02.06.2015 23:30;163
02.06.2015 23:40;164
02.06.2015 23:50;161
03.06.2015 00:00;161
03.06.2015 00:10;160
03.06.2015 00:20;161
03.06.2015 00:30;158
03.06.2015 00:40;156
03.06.2015 00:50;152
03.06.2015 01:00;151
03.06.2015 01:10;150
03.06.2015 01:20;147
03.06.2015 01:30;148
03.06.2015 01:40;144
03.06.2015 01:50;147
03.06.2015 02:00;146
03.06.2015 02:10;145
03.06.2015 02:20;144
03.06.2015 02:30;141
03.06.2015 02:40;142
03.06.2015 02:50;141
03.06.2015 03:00;135
03.06.2015 03:10;134
03.06.2015 03:20;133
03.06.2015 03:30;137
03.06.2015 03:40;137
03.06.2015 03:50;138
03.06.2015 04:00;140
03.06.2015 04:10;138
03.06.2015 04:20;138
03.06.2015 04:30;141
03.06.2015 04:40;148
03.06.2015 04:50;153
03.06.2015 05:00;157
03.06.2015 05:10;158
03.06.2015 05:20;162
03.06.2015 05:30;166
03.06.2015 05:40;165
03.06.2015 05:50;170
03.06.2015 06:00;172
03.06.2015 06:10;174
03.06.2015 06:20;177
03.06.2015 06:30;181
03.06.2015 06:40;185
03.06.2015 06:50;189
03.06.2015 07:00;193
03.06.2015 07:10;195
03.06.2015 07:20;202
03.06.2015 07:30;206
03.06.2015 07:40;208
03.06.2015 07:50;213
03.06.2015 08:00;218
03.06.2015 08:10;223
03.06.2015 08:20;221
03.06.2015 08:30;219
03.06.2015 08:40;221
03.06.2015 08:50;222
03.06.2015 09:00;226
03.06.2015 09:10;231
03.06.2015 09:20;228
03.06.2015 09:30;231
03.06.2015 09:40;233
03.06.2015 09:50;238
03.06.2015 10:00;240
03.06.2015 10:10;239
03.06.2015 10:20;242
03.06.2015 10:30;243
03.06.2015 10:40;249
03.06.2015 10:50;256
03.06.2015 11:00;258
03.06.2015 11:10;254
03.06.2015 11:20;256
03.06.2015 11:30;259
03.06.2015 11:40;261
03.06.2015 11:50;262
03.06.2015 12:00;265
03.06.2015 12:10;266
03.06.2015 12:20;265
03.06.2015 12:30;273
03.06.2015 12:40;269
03.06.2015 12:50;270
03.06.2015 13:00;267
03.06.2015 13:10;269
03.06.2015 13:20;270
03.06.2015 13:30;270
03.06.2015 13:40;272
03.06.2015 13:50;270
03.06.2015 14:00;275
03.06.2015 14:10;278
03.06.2015 14:20;278
03.06.2015 14:30;283
03.06.2015 14:40;280
03.06.2015 14:50;285
03.06.2015 15:00;282
03.06.2015 15:10;280
03.06.2015 15:20;280
03.06.2015 15:30;278
03.06.2015 15:40;279
03.06.2015 15:50;276
03.06.2015 16:00;274
03.06.2015 16:10;266
03.06.2015 16:20;264
03.06.2015 16:30;271
03.06.2015 16:40;264
03.06.2015 16:50;260
03.06.2015 17:00;260
03.06.2015 17:10;263
03.06.2015 17:20;256
03.06.2015 17:30;262
03.06.2015 17:40;261
03.06.2015 17:50;262
03.06.2015 18:00;262
03.06.2015 18:10;260
03.06.2015 18:20;256
03.06.2015 18:30;256
03.06.2015 18:40;246
03.06.2015 18:50;262
03.06.2015 19:00;242
03.06.2015 19:10;247
03.06.2015 19:20;252
03.06.2015 19:30;251
03.06.2015 19:40;240
03.06.2015 19:50;233
03.06.2015 20:00;229
03.06.2015 20:10;226
03.06.2015 20:20;225
03.06.2015 20:30;227
03.06.2015 20:40;227
03.06.2015 20:50;227
03.06.2015 21:00;221
03.06.2015 21:10;218
03.06.2015 21:20;214
03.06.2015 21:30;209
03.06.2015 21:40;214
03.06.2015 21:50;207
03.06.2015 22:00;202
03.06.2015 22:10;198
03.06.2015 22:20;196
03.06.2015 22:30;194
03.06.2015 22:40;194
03.06.2015 22:50;191
03.06.2015 23:00;189
03.06.2015 23:10;185
03.06.2015 23:20;181
03.06.2015 23:30;181
03.06.2015 23:40;176
03.06.2015 23:50;171
04.06.2015 00:00;173
04.06.2015 00:10;176
04.06.2015 00:20;177
04.06.2015 00:30;175
04.06.2015 00:40;175
04.06.2015 00:50;177
04.06.2015 01:00;173
04.06.2015 01:10;170
04.06.2015 01:20;168
04.06.2015 01:30;166
04.06.2015 01:40;165
04.06.2015 01:50;166
04.06.2015 02:00;163
04.06.2015 02:10;161
04.06.2015 02:20;158
04.06.2015 02:30;159
04.06.2015 02:40;154
04.06.2015 02:50;152
04.06.2015 03:00;151
04.06.2015 03:10;147
04.06.2015 03:20;153
04.06.2015 03:30;148
04.06.2015 03:40;150
04.06.2015 03:50;153
04.06.2015 04:00;153
04.06.2015 04:10;151
04.06.2015 04:20;153
04.06.2015 04:30;157
04.06.2015 04:40;161
04.06.2015 04:50;166
04.06.2015 05:00;172
04.06.2015 05:10;173
04.06.2015 05:20;171
04.06.2015 05:30;169
04.06.2015 05:40;173
04.06.2015 05:50;177
04.06.2015 06:00;179
04.06.2015 06:10;184
04.06.2015 06:20;190
04.06.2015 06:30;194
04.06.2015 06:40;197
04.06.2015 06:50;198
04.06.2015 07:00;203
04.06.2015 07:10;206
04.06.2015 07:20;209
04.06.2015 07:30;210
04.06.2015 07:40;215
04.06.2015 07:50;216
04.06.2015 08:00;220
04.06.2015 08:10;223
04.06.2015 08:20;225
04.06.2015 08:30;228
04.06.2015 08:40;234
04.06.2015 08:50;241
04.06.2015 09:00;244
04.06.2015 09:10;242
04.06.2015 09:20;246
04.06.2015 09:30;249
04.06.2015 09:40;254
04.06.2015 09:50;258
04.06.2015 10:00;262
04.06.2015 10:10;262
04.06.2015 10:20;264
04.06.2015 10:30;265
04.06.2015 10:40;269
04.06.2015 10:50;271
04.06.2015 11:00;273
04.06.2015 11:10;278
04.06.2015 11:20;280
04.06.2015 11:30;282
04.06.2015 11:40;279
04.06.2015 11:50;281
04.06.2015 12:00;285
04.06.2015 12:10;285
04.06.2015 12:20;288
04.06.2015 12:30;288
04.06.2015 12:40;293
04.06.2015 12:50;293
04.06.2015 13:00;296
04.06.2015 13:10;295
04.06.2015 13:20;294
04.06.2015 13:30;297
04.06.2015 13:40;297
04.06.2015 13:50;297
04.06.2015 14:00;299
04.06.2015 14:10;294
04.06.2015 14:20;301
04.06.2015 14:30;298
04.06.2015 14:40;299
04.06.2015 14:50;299
04.06.2015 15:00;295
04.06.2015 15:10;292
04.06.2015 15:20;293
04.06.2015 15:30;291
04.06.2015 15:40;289
04.06.2015 15:50;286
04.06.2015 16:00;289
04.06.2015 16:10;287
04.06.2015 16:20;284
04.06.2015 16:30;282
04.06.2015 16:40;281
04.06.2015 16:50;273
04.06.2015 17:00;274
04.06.2015 17:10;274
04.06.2015 17:20;271
04.06.2015 17:30;266
04.06.2015 17:40;268
04.06.2015 17:50;265
04.06.2015 18:00;264
04.06.2015 18:10;262
04.06.2015 18:20;258
04.06.2015 18:30;259
04.06.2015 18:40;260
04.06.2015 18:50;256
04.06.2015 19:00;249
04.06.2015 19:10;248
04.06.2015 19:20;243
04.06.2015 19:30;236
04.06.2015 19:40;234
04.06.2015 19:50;231
04.06.2015 20:00;230
04.06.2015 20:10;228
04.06.2015 20:20;223
04.06.2015 20:30;220
04.06.2015 20:40;217
04.06.2015 20:50;218
04.06.2015 21:00;217
04.06.2015 21:10;215
04.06.2015 21:20;211
04.06.2015 21:30;212
04.06.2015 21:40;214
04.06.2015 21:50;212
04.06.2015 22:00;206
04.06.2015 22:10;207
04.06.2015 22:20;205
04.06.2015 22:30;192
04.06.2015 22:40;185
04.06.2015 22:50;187
04.06.2015 23:00;194
04.06.2015 23:10;189
04.06.2015 23:20;184
04.06.2015 23:30;188
04.06.2015 23:40;186
04.06.2015 23:50;181
05.06.2015 00:00;181
05.06.2015 00:10;179
05.06.2015 00:20;176
05.06.2015 00:30;176
05.06.2015 00:40;171
05.06.2015 00:50;173
05.06.2015 01:00;163
05.06.2015 01:10;163
05.06.2015 01:20;167
05.06.2015 01:30;169
05.06.2015 01:40;160
05.06.2015 01:50;162
05.06.2015 02:00;165
05.06.2015 02:10;161
05.06.2015 02:20;161
05.06.2015 02:30;164
05.06.2015 02:40;160
05.06.2015 02:50;157
05.06.2015 03:00;158
05.06.2015 03:10;155
05.06.2015 03:20;153
05.06.2015 03:30;152
05.06.2015 03:40;153
05.06.2015 03:50;156
05.06.2015 04:00;155
05.06.2015 04:10;156
05.06.2015 04:20;161
05.06.2015 04:30;165
05.06.2015 04:40;169
05.06.2015 04:50;172
05.06.2015 05:00;173
05.06.2015 05:10;174
05.06.2015 05:20;176
05.06.2015 05:30;179
05.06.2015 05:40;179
05.06.2015 05:50;181
05.06.2015 06:00;184
05.06.2015 06:10;186
05.06.2015 06:20;189
05.06.2015 06:30;195
05.06.2015 06:40;199
05.06.2015 06:50;201
05.06.2015 07:00;204
05.06.2015 07:10;211
05.06.2015 07:20;215
05.06.2015 07:30;218
05.06.2015 07:40;221
05.06.2015 07:50;223
05.06.2015 08:00;228
05.06.2015 08:10;234
05.06.2015 08:20;234
05.06.2015 08:30;239
05.06.2015 08:40;242
05.06.2015 08:50;248
05.06.2015 09:00;250
05.06.2015 09:10;253
05.06.2015 09:20;258
05.06.2015 09:30;260
05.06.2015 09:40;265
05.06.2015 09:50;267
05.06.2015 10:00;270
05.06.2015 10:10;273
05.06.2015 10:20;276
05.06.2015 10:30;281
05.06.2015 10:40;284
05.06.2015 10:50;290
05.06.2015 11:00;292
05.06.2015 11:10;296
05.06.2015 11:20;295
05.06.2015 11:30;296
05.06.2015 11:40;298
05.06.2015 11:50;302
05.06.2015 12:00;301
05.06.2015 12:10;308
05.06.2015 12:20;306
05.06.2015 12:30;307
05.06.2015 12:40;301
05.06.2015 12:50;302
05.06.2015 13:00;298
05.06.2015 13:10;301
05.06.2015 13:20;311
05.06.2015 13:30;313
05.06.2015 13:40;314
05.06.2015 13:50;318
05.06.2015 14:00;313
05.06.2015 14:10;315
05.06.2015 14:20;316
05.06.2015 14:30;313
05.06.2015 14:40;313
05.06.2015 14:50;306
05.06.2015 15:00;302
05.06.2015 15:10;305
05.06.2015 15:20;307
05.06.2015 15:30;306
05.06.2015 15:40;307
05.06.2015 15:50;307
05.06.2015 16:00;305
05.06.2015 16:10;301
05.06.2015 16:20;298
05.06.2015 16:30;297
05.06.2015 16:40;289
05.06.2015 16:50;289
05.06.2015 17:00;285
05.06.2015 17:10;282
05.06.2015 17:20;282
05.06.2015 17:30;280
05.06.2015 17:40;280
05.06.2015 17:50;276
05.06.2015 18:00;271
05.06.2015 18:10;271
05.06.2015 18:20;264
05.06.2015 18:30;262
05.06.2015 18:40;261
05.06.2015 18:50;252
05.06.2015 19:00;249
05.06.2015 19:10;246
05.06.2015 19:20;245
05.06.2015 19:30;241
05.06.2015 19:40;240
05.06.2015 19:50;236
05.06.2015 20:00;232
05.06.2015 20:10;228
05.06.2015 20:20;229
05.06.2015 20:30;228
05.06.2015 20:40;221
05.06.2015 20:50;226
05.06.2015 21:00;220
05.06.2015 21:10;217
05.06.2015 21:20;219
05.06.2015 21:30;213
05.06.2015 21:40;213
05.06.2015 21:50;206
05.06.2015 22:00;201
05.06.2015 22:10;198
05.06.2015 22:20;193
05.06.2015 22:30;197
05.06.2015 22:40;197
05.06.2015 22:50;197
05.06.2015 23:00;194
05.06.2015 23:10;194
05.06.2015 23:20;192
05.06.2015 23:30;192
05.06.2015 23:40;189
05.06.2015 23:50;190
06.06.2015 00:00;188
06.06.2015 00:10;190
06.06.2015 00:20;191
06.06.2015 00:30;189
06.06.2015 00:40;187
06.06.2015 00:50;191
06.06.2015 01:00;184
06.06.2015 01:10;183
06.06.2015 01:20;183
06.06.2015 01:30;183
06.06.2015 01:40;182
06.06.2015 01:50;181
06.06.2015 02:00;180
06.06.2015 02:10;183
06.06.2015 02:20;181
06.06.2015 02:30;183
06.06.2015 02:40;180
06.06.2015 02:50;179
06.06.2015 03:00;181
06.06.2015 03:10;183
06.06.2015 03:20;183
06.06.2015 03:30;177
06.06.2015 03:40;179
06.06.2015 03:50;182
06.06.2015 04:00;178
06.06.2015 04:10;184
06.06.2015 04:20;182
06.06.2015 04:30;187
06.06.2015 04:40;190
06.06.2015 04:50;194
06.06.2015 05:00;195
06.06.2015 05:10;194
06.06.2015 05:20;198
06.06.2015 05:30;199
06.06.2015 05:40;202
06.06.2015 05:50;199
06.06.2015 06:00;200
06.06.2015 06:10;201
06.06.2015 06:20;203
06.06.2015 06:30;209
06.06.2015 06:40;211
06.06.2015 06:50;217
06.06.2015 07:00;218
06.06.2015 07:10;220
06.06.2015 07:20;223
06.06.2015 07:30;227
06.06.2015 07:40;232
06.06.2015 07:50;233
06.06.2015 08:00;240
06.06.2015 08:10;241
06.06.2015 08:20;246
06.06.2015 08:30;251
06.06.2015 08:40;253
06.06.2015 08:50;257
06.06.2015 09:00;258
06.06.2015 09:10;267
06.06.2015 09:20;271
06.06.2015 09:30;276
06.06.2015 09:40;276
06.06.2015 09:50;281
06.06.2015 10:00;281
06.06.2015 10:10;285
06.06.2015 10:20;289
06.06.2015 10:30;289
06.06.2015 10:40;289
06.06.2015 10:50;294
06.06.2015 11:00;296
06.06.2015 11:10;299
06.06.2015 11:20;303
06.06.2015 11:30;304
06.06.2015 11:40;306
06.06.2015 11:50;305
06.06.2015 12:00;306
06.06.2015 12:10;312
06.06.2015 12:20;308
06.06.2015 12:30;311
06.06.2015 12:40;307
06.06.2015 12:50;299
06.06.2015 13:00;301
06.06.2015 13:10;291
06.06.2015 13:20;293
06.06.2015 13:30;296
06.06.2015 13:40;292
06.06.2015 13:50;291
06.06.2015 14:00;289
06.06.2015 14:10;281
06.06.2015 14:20;279
06.06.2015 14:30;281
06.06.2015 14:40;280
06.06.2015 14:50;275
06.06.2015 15:00;265
06.06.2015 15:10;270
06.06.2015 15:20;262
06.06.2015 15:30;258
06.06.2015 15:40;256
06.06.2015 15:50;250
06.06.2015 16:00;241
06.06.2015 16:10;223
06.06.2015 16:20;220
06.06.2015 16:30;178
06.06.2015 16:40;168
06.06.2015 16:50;164
06.06.2015 17:00;163
06.06.2015 17:10;163
06.06.2015 17:20;165
06.06.2015 17:30;166
06.06.2015 17:40;165
06.06.2015 17:50;167
06.06.2015 18:00;165
06.06.2015 18:10;166
06.06.2015 18:20;163
06.06.2015 18:30;166
06.06.2015 18:40;162
06.06.2015 18:50;161
06.06.2015 19:00;162
06.06.2015 19:10;161
06.06.2015 19:20;161
06.06.2015 19:30;161
06.06.2015 19:40;161
06.06.2015 19:50;161
06.06.2015 20:00;164
06.06.2015 20:10;163
06.06.2015 20:20;164
06.06.2015 20:30;165
06.06.2015 20:40;163
06.06.2015 20:50;162
06.06.2015 21:00;159
06.06.2015 21:10;161
06.06.2015 21:20;157
06.06.2015 21:30;162
06.06.2015 21:40;159
06.06.2015 21:50;160
06.06.2015 22:00;155
06.06.2015 22:10;154
06.06.2015 22:20;157
06.06.2015 22:30;157
06.06.2015 22:40;154
06.06.2015 22:50;155
06.06.2015 23:00;153
06.06.2015 23:10;150
06.06.2015 23:20;150
06.06.2015 23:30;151
06.06.2015 23:40;151
06.06.2015 23:50;151
07.06.2015 00:00;152
07.06.2015 00:10;152
07.06.2015 00:20;152
07.06.2015 00:30;152
07.06.2015 00:40;152
07.06.2015 00:50;150
07.06.2015 01:00;151
07.06.2015 01:10;151
07.06.2015 01:20;151
07.06.2015 01:30;151
07.06.2015 01:40;150
07.06.2015 01:50;148
07.06.2015 02:00;149
07.06.2015 02:10;148
07.06.2015 02:20;145
07.06.2015 02:30;143
07.06.2015 02:40;144
07.06.2015 02:50;143
07.06.2015 03:00;143
07.06.2015 03:10;140
07.06.2015 03:20;137
07.06.2015 03:30;139
07.06.2015 03:40;140
07.06.2015 03:50;137
07.06.2015 04:00;139
07.06.2015 04:10;139
07.06.2015 04:20;140
07.06.2015 04:30;138
07.06.2015 04:40;137
07.06.2015 04:50;140
07.06.2015 05:00;148
07.06.2015 05:10;152
07.06.2015 05:20;153
07.06.2015 05:30;156
07.06.2015 05:40;158
07.06.2015 05:50;159
07.06.2015 06:00;162
07.06.2015 06:10;163
07.06.2015 06:20;168
07.06.2015 06:30;169
07.06.2015 06:40;170
07.06.2015 06:50;172
07.06.2015 07:00;173
07.06.2015 07:10;176
07.06.2015 07:20;180
07.06.2015 07:30;182
07.06.2015 07:40;186
07.06.2015 07:50;189
07.06.2015 08:00;191
07.06.2015 08:10;193
07.06.2015 08:20;199
07.06.2015 08:30;199
07.06.2015 08:40;202
07.06.2015 08:50;206
07.06.2015 09:00;214
07.06.2015 09:10;213
07.06.2015 09:20;217
07.06.2015 09:30;220
07.06.2015 09:40;227
07.06.2015 09:50;229
07.06.2015 10:00;229
07.06.2015 10:10;233
07.06.2015 10:20;236
07.06.2015 10:30;238
07.06.2015 10:40;241
07.06.2015 10:50;246
07.06.2015 11:00;251
07.06.2015 11:10;252
07.06.2015 11:20;256
07.06.2015 11:30;258
07.06.2015 11:40;260
07.06.2015 11:50;263
07.06.2015 12:00;268
07.06.2015 12:10;269
07.06.2015 12:20;269
07.06.2015 12:30;271
07.06.2015 12:40;274
07.06.2015 12:50;277
07.06.2015 13:00;276
07.06.2015 13:10;280
07.06.2015 13:20;279
07.06.2015 13:30;284
07.06.2015 13:40;284
07.06.2015 13:50;283
07.06.2015 14:00;280
07.06.2015 14:10;280
07.06.2015 14:20;276
07.06.2015 14:30;274
07.06.2015 14:40;273
07.06.2015 14:50;274
07.06.2015 15:00;271
07.06.2015 15:10;269
07.06.2015 15:20;267
07.06.2015 15:30;266
07.06.2015 15:40;265
07.06.2015 15:50;264
07.06.2015 16:00;263
07.06.2015 16:10;260
07.06.2015 16:20;262
07.06.2015 16:30;262
07.06.2015 16:40;262
07.06.2015 16:50;259
07.06.2015 17:00;254
07.06.2015 17:10;252
07.06.2015 17:20;256
07.06.2015 17:30;254
07.06.2015 17:40;251
07.06.2015 17:50;250
07.06.2015 18:00;247
07.06.2015 18:10;238
07.06.2015 18:20;235
07.06.2015 18:30;244
07.06.2015 18:40;246
07.06.2015 18:50;236
07.06.2015 19:00;219
07.06.2015 19:10;213
07.06.2015 19:20;214
07.06.2015 19:30;216
07.06.2015 19:40;211
07.06.2015 19:50;205
07.06.2015 20:00;198
07.06.2015 20:10;198
07.06.2015 20:20;200
07.06.2015 20:30;197
07.06.2015 20:40;192
07.06.2015 20:50;188
07.06.2015 21:00;189
07.06.2015 21:10;186
07.06.2015 21:20;188
07.06.2015 21:30;191
07.06.2015 21:40;193
07.06.2015 21:50;191
07.06.2015 22:00;178
07.06.2015 22:10;174
07.06.2015 22:20;171
07.06.2015 22:30;169
07.06.2015 22:40;181
07.06.2015 22:50;165
07.06.2015 23:00;160
07.06.2015 23:10;162
07.06.2015 23:20;162
07.06.2015 23:30;160
07.06.2015 23:40;160
07.06.2015 23:50;161
08.06.2015 00:00;165
08.06.2015 00:10;162
08.06.2015 00:20;158
08.06.2015 00:30;159
08.06.2015 00:40;160
08.06.2015 00:50;157
08.06.2015 01:00;160
08.06.2015 01:10;162
08.06.2015 01:20;161
08.06.2015 01:30;157
08.06.2015 01:40;157
08.06.2015 01:50;158
08.06.2015 02:00;156
08.06.2015 02:10;155
08.06.2015 02:20;155
08.06.2015 02:30;155
08.06.2015 02:40;155
08.06.2015 02:50;155
08.06.2015 03:00;154
08.06.2015 03:10;153
08.06.2015 03:20;155
08.06.2015 03:30;152
08.06.2015 03:40;153
08.06.2015 03:50;154
08.06.2015 04:00;153
08.06.2015 04:10;154
08.06.2015 04:20;155
08.06.2015 04:30;154
08.06.2015 04:40;154
08.06.2015 04:50;156
08.06.2015 05:00;156
08.06.2015 05:10;158
08.06.2015 05:20;159
08.06.2015 05:30;158
08.06.2015 05:40;159
08.06.2015 05:50;160
08.06.2015 06:00;161
08.06.2015 06:10;163
08.06.2015 06:20;165
08.06.2015 06:30;164
08.06.2015 06:40;165
08.06.2015 06:50;167
08.06.2015 07:00;170
08.06.2015 07:10;170
08.06.2015 07:20;172
08.06.2015 07:30;174
08.06.2015 07:40;178
08.06.2015 07:50;178
08.06.2015 08:00;182
08.06.2015 08:10;186
08.06.2015 08:20;184
08.06.2015 08:30;186
08.06.2015 08:40;188
08.06.2015 08:50;190
08.06.2015 09:00;194
08.06.2015 09:10;199
08.06.2015 09:20;204
08.06.2015 09:30;205
08.06.2015 09:40;207
08.06.2015 09:50;209
08.06.2015 10:00;213
08.06.2015 10:10;217
08.06.2015 10:20;220
08.06.2015 10:30;221
08.06.2015 10:40;227
08.06.2015 10:50;226
08.06.2015 11:00;231
08.06.2015 11:10;234
08.06.2015 11:20;236
08.06.2015 11:30;236
08.06.2015 11:40;240
08.06.2015 11:50;246
08.06.2015 12:00;245
08.06.2015 12:10;244
08.06.2015 12:20;241
08.06.2015 12:30;241
08.06.2015 12:40;234
08.06.2015 12:50;231
08.06.2015 13:00;234
08.06.2015 13:10;233
08.06.2015 13:20;233
08.06.2015 13:30;232
08.06.2015 13:40;229
08.06.2015 13:50;225
08.06.2015 14:00;211
08.06.2015 14:10;195
08.06.2015 14:20;185
08.06.2015 14:30;181
08.06.2015 14:40;183
08.06.2015 14:50;181
08.06.2015 15:00;187
08.06.2015 15:10;187
08.06.2015 15:20;191
08.06.2015 15:30;193
08.06.2015 15:40;192
08.06.2015 15:50;188
08.06.2015 16:00;186
08.06.2015 16:10;186
08.06.2015 16:20;184
08.06.2015 16:30;184
08.06.2015 16:40;182
08.06.2015 16:50;181
08.06.2015 17:00;178
08.06.2015 17:10;176
08.06.2015 17:20;180
08.06.2015 17:30;175
08.06.2015 17:40;173
08.06.2015 17:50;172
08.06.2015 18:00;170
08.06.2015 18:10;170
08.06.2015 18:20;168
08.06.2015 18:30;168
08.06.2015 18:40;169
08.06.2015 18:50;168
08.06.2015 19:00;169
08.06.2015 19:10;167
08.06.2015 19:20;169
08.06.2015 19:30;166
08.06.2015 19:40;164
08.06.2015 19:50;162
08.06.2015 20:00;161
08.06.2015 20:10;161
08.06.2015 20:20;161
08.06.2015 20:30;161
08.06.2015 20:40;161
08.06.2015 20:50;161
08.06.2015 21:00;161
08.06.2015 21:10;160
08.06.2015 21:20;160
08.06.2015 21:30;159
08.06.2015 21:40;161
08.06.2015 21:50;159
08.06.2015 22:00;159
08.06.2015 22:10;159
08.06.2015 22:20;159
08.06.2015 22:30;160
08.06.2015 22:40;160
08.06.2015 22:50;161
08.06.2015 23:00;159
08.06.2015 23:10;159
08.06.2015 23:20;158
08.06.2015 23:30;159
08.06.2015 23:40;159
08.06.2015 23:50;158
09.06.2015 00:00;160
09.06.2015 00:10;161
09.06.2015 00:20;161
09.06.2015 00:30;160
09.06.2015 00:40;159
09.06.2015 00:50;158
09.06.2015 01:00;158
09.06.2015 01:10;155
09.06.2015 01:20;153
09.06.2015 01:30;152
09.06.2015 01:40;149
09.06.2015 01:50;148
09.06.2015 02:00;147
09.06.2015 02:10;146
09.06.2015 02:20;146
09.06.2015 02:30;146
09.06.2015 02:40;145
09.06.2015 02:50;145
09.06.2015 03:00;146
09.06.2015 03:10;145
09.06.2015 03:20;145
09.06.2015 03:30;144
09.06.2015 03:40;145
09.06.2015 03:50;145
09.06.2015 04:00;144
09.06.2015 04:10;145
09.06.2015 04:20;145
09.06.2015 04:30;145
09.06.2015 04:40;145
09.06.2015 04:50;144
09.06.2015 05:00;145
09.06.2015 05:10;145
09.06.2015 05:20;145
09.06.2015 05:30;145
09.06.2015 05:40;147
09.06.2015 05:50;149
09.06.2015 06:00;147
09.06.2015 06:10;151
09.06.2015 06:20;150
09.06.2015 06:30;152
09.06.2015 06:40;151
09.06.2015 06:50;151
09.06.2015 07:00;154
09.06.2015 07:10;155
09.06.2015 07:20;156
09.06.2015 07:30;157
09.06.2015 07:40;157
09.06.2015 07:50;158
09.06.2015 08:00;161
09.06.2015 08:10;163
09.06.2015 08:20;168
09.06.2015 08:30;169
09.06.2015 08:40;168
09.06.2015 08:50;168
09.06.2015 09:00;170
09.06.2015 09:10;170
09.06.2015 09:20;171
09.06.2015 09:30;171
09.06.2015 09:40;171
09.06.2015 09:50;176
09.06.2015 10:00;182
09.06.2015 10:10;180
09.06.2015 10:20;179
09.06.2015 10:30;177
09.06.2015 10:40;180
09.06.2015 10:50;186
09.06.2015 11:00;184
09.06.2015 11:10;189
09.06.2015 11:20;191
09.06.2015 11:30;194
09.06.2015 11:40;193
09.06.2015 11:50;196
09.06.2015 12:00;196
09.06.2015 12:10;193
09.06.2015 12:20;197
09.06.2015 12:30;198
09.06.2015 12:40;199
09.06.2015 12:50;197
09.06.2015 13:00;201
09.06.2015 13:10;201
09.06.2015 13:20;205
09.06.2015 13:30;208
09.06.2015 13:40;200
09.06.2015 13:50;197
09.06.2015 14:00;193
09.06.2015 14:10;189
09.06.2015 14:20;188
09.06.2015 14:30;184
09.06.2015 14:40;184
09.06.2015 14:50;183
09.06.2015 15:00;182
09.06.2015 15:10;184
09.06.2015 15:20;185
09.06.2015 15:30;179
09.06.2015 15:40;173
09.06.2015 15:50;173
09.06.2015 16:00;171
09.06.2015 16:10;168
09.06.2015 16:20;165
09.06.2015 16:30;165
09.06.2015 16:40;161
09.06.2015 16:50;156
09.06.2015 17:00;152
09.06.2015 17:10;148
09.06.2015 17:20;147
09.06.2015 17:30;145
09.06.2015 17:40;143
09.06.2015 17:50;141
09.06.2015 18:00;140
09.06.2015 18:10;139
09.06.2015 18:20;139
09.06.2015 18:30;139
09.06.2015 18:40;138
09.06.2015 18:50;139
09.06.2015 19:00;138
09.06.2015 19:10;139
09.06.2015 19:20;138
09.06.2015 19:30;138
09.06.2015 19:40;138
09.06.2015 19:50;138
09.06.2015 20:00;137
09.06.2015 20:10;136
09.06.2015 20:20;135
09.06.2015 20:30;135
09.06.2015 20:40;136
09.06.2015 20:50;135
09.06.2015 21:00;136
09.06.2015 21:10;136
09.06.2015 21:20;137
09.06.2015 21:30;136
09.06.2015 21:40;137
09.06.2015 21:50;137
09.06.2015 22:00;137
09.06.2015 22:10;136
09.06.2015 22:20;135
09.06.2015 22:30;136
09.06.2015 22:40;136
09.06.2015 22:50;137
09.06.2015 23:00;136
09.06.2015 23:10;136
09.06.2015 23:20;135
09.06.2015 23:30;136
09.06.2015 23:40;137
09.06.2015 23:50;136
10.06.2015 00:00;135
10.06.2015 00:10;135
10.06.2015 00:20;136
10.06.2015 00:30;137
10.06.2015 00:40;137
10.06.2015 00:50;137
10.06.2015 01:00;137
10.06.2015 01:10;136
10.06.2015 01:20;136
10.06.2015 01:30;134
10.06.2015 01:40;135
10.06.2015 01:50;135
10.06.2015 02:00;135
10.06.2015 02:10;134
10.06.2015 02:20;134
10.06.2015 02:30;134
10.06.2015 02:40;134
10.06.2015 02:50;133
10.06.2015 03:00;133
10.06.2015 03:10;133
10.06.2015 03:20;133
10.06.2015 03:30;133
10.06.2015 03:40;133
10.06.2015 03:50;133
10.06.2015 04:00;133
10.06.2015 04:10;132
10.06.2015 04:20;131
10.06.2015 04:30;130
10.06.2015 04:40;130
10.06.2015 04:50;130
10.06.2015 05:00;132
10.06.2015 05:10;133
10.06.2015 05:20;136
10.06.2015 05:30;137
10.06.2015 05:40;141
10.06.2015 05:50;149
10.06.2015 06:00;153
10.06.2015 06:10;157
10.06.2015 06:20;157
10.06.2015 06:30;155
10.06.2015 06:40;153
10.06.2015 06:50;160
10.06.2015 07:00;160
10.06.2015 07:10;160
10.06.2015 07:20;165
10.06.2015 07:30;165
10.06.2015 07:40;166
10.06.2015 07:50;168
10.06.2015 08:00;172
10.06.2015 08:10;178
10.06.2015 08:20;181
10.06.2015 08:30;180
10.06.2015 08:40;179
10.06.2015 08:50;183
10.06.2015 09:00;180
10.06.2015 09:10;182
10.06.2015 09:20;184
10.06.2015 09:30;184
10.06.2015 09:40;188
10.06.2015 09:50;187
10.06.2015 10:00;190
10.06.2015 10:10;190
10.06.2015 10:20;193
10.06.2015 10:30;193
10.06.2015 10:40;196
10.06.2015 10:50;197
10.06.2015 11:00;201
10.06.2015 11:10;200
10.06.2015 11:20;206
10.06.2015 11:30;209
10.06.2015 11:40;207
10.06.2015 11:50;211
10.06.2015 12:00;213
10.06.2015 12:10;213
10.06.2015 12:20;213
10.06.2015 12:30;213
10.06.2015 12:40;218
10.06.2015 12:50;223
10.06.2015 13:00;224
10.06.2015 13:10;225
10.06.2015 13:20;228
10.06.2015 13:30;228
10.06.2015 13:40;229
10.06.2015 13:50;228
10.06.2015 14:00;231
10.06.2015 14:10;230
10.06.2015 14:20;231
10.06.2015 14:30;236
10.06.2015 14:40;239
10.06.2015 14:50;237
10.06.2015 15:00;237
10.06.2015 15:10;240
10.06.2015 15:20;237
10.06.2015 15:30;241
10.06.2015 15:40;237
10.06.2015 15:50;234
10.06.2015 16:00;237
10.06.2015 16:10;234
10.06.2015 16:20;233
10.06.2015 16:30;231
10.06.2015 16:40;226
10.06.2015 16:50;224
10.06.2015 17:00;219
10.06.2015 17:10;216
10.06.2015 17:20;214
10.06.2015 17:30;211
10.06.2015 17:40;205
10.06.2015 17:50;203
10.06.2015 18:00;201
10.06.2015 18:10;195
10.06.2015 18:20;193
10.06.2015 18:30;190
10.06.2015 18:40;187
10.06.2015 18:50;184
10.06.2015 19:00;183
10.06.2015 19:10;181
10.06.2015 19:20;179
10.06.2015 19:30;176
10.06.2015 19:40;179
10.06.2015 19:50;176
10.06.2015 20:00;173
10.06.2015 20:10;170
10.06.2015 20:20;173
10.06.2015 20:30;171
10.06.2015 20:40;171
10.06.2015 20:50;172
10.06.2015 21:00;170
10.06.2015 21:10;170
10.06.2015 21:20;171
10.06.2015 21:30;171
10.06.2015 21:40;171
10.06.2015 21:50;170
10.06.2015 22:00;170
10.06.2015 22:10;170
10.06.2015 22:20;170
10.06.2015 22:30;168
10.06.2015 22:40;168
10.06.2015 22:50;169
10.06.2015 23:00;168
10.06.2015 23:10;170
10.06.2015 23:20;169
10.06.2015 23:30;168
10.06.2015 23:40;168
10.06.2015 23:50;169
11.06.2015 00:00;168
11.06.2015 00:10;167
11.06.2015 00:20;167
11.06.2015 00:30;167
11.06.2015 00:40;165
11.06.2015 00:50;163
11.06.2015 01:00;164
11.06.2015 01:10;164
11.06.2015 01:20;163
11.06.2015 01:30;162
11.06.2015 01:40;162
11.06.2015 01:50;161
11.06.2015 02:00;160
11.06.2015 02:10;159
11.06.2015 02:20;157
11.06.2015 02:30;155
11.06.2015 02:40;153
11.06.2015 02:50;151
11.06.2015 03:00;149
11.06.2015 03:10;149
11.06.2015 03:20;149
11.06.2015 03:30;147
11.06.2015 03:40;145
11.06.2015 03:50;143
11.06.2015 04:00;143
11.06.2015 04:10;144
11.06.2015 04:20;143
11.06.2015 04:30;143
11.06.2015 04:40;146
11.06.2015 04:50;146
11.06.2015 05:00;149
11.06.2015 05:10;154
11.06.2015 05:20;157
11.06.2015 05:30;161
11.06.2015 05:40;165
11.06.2015 05:50;169
11.06.2015 06:00;171
11.06.2015 06:10;175
11.06.2015 06:20;177
11.06.2015 06:30;176
11.06.2015 06:40;182
11.06.2015 06:50;183
11.06.2015 07:00;186
11.06.2015 07:10;188
11.06.2015 07:20;190
11.06.2015 07:30;195
11.06.2015 07:40;197
11.06.2015 07:50;201
11.06.2015 08:00;200
11.06.2015 08:10;205
11.06.2015 08:20;209
11.06.2015 08:30;216
11.06.2015 08:40;216
11.06.2015 08:50;220
11.06.2015 09:00;222
11.06.2015 09:10;226
11.06.2015 09:20;231
11.06.2015 09:30;235
11.06.2015 09:40;236
11.06.2015 09:50;238
11.06.2015 10:00;240
11.06.2015 10:10;242
11.06.2015 10:20;241
11.06.2015 10:30;244
11.06.2015 10:40;246
11.06.2015 10:50;242
11.06.2015 11:00;241
11.06.2015 11:10;232
11.06.2015 11:20;234
11.06.2015 11:30;235
11.06.2015 11:40;235
11.06.2015 11:50;233
11.06.2015 12:00;234
11.06.2015 12:10;237
11.06.2015 12:20;237
11.06.2015 12:30;239
11.06.2015 12:40;251
11.06.2015 12:50;259
11.06.2015 13:00;256
11.06.2015 13:10;255
11.06.2015 13:20;253
11.06.2015 13:30;252
11.06.2015 13:40;251
11.06.2015 13:50;249
11.06.2015 14:00;250
11.06.2015 14:10;248
11.06.2015 14:20;244
11.06.2015 14:30;245
11.06.2015 14:40;238
11.06.2015 14:50;240
11.06.2015 15:00;234
11.06.2015 15:10;230
11.06.2015 15:20;233
11.06.2015 15:30;246
11.06.2015 15:40;251
11.06.2015 15:50;250
11.06.2015 16:00;235
11.06.2015 16:10;231
11.06.2015 16:20;226
11.06.2015 16:30;221
11.06.2015 16:40;213
11.06.2015 16:50;209
11.06.2015 17:00;205
11.06.2015 17:10;201
11.06.2015 17:20;197
11.06.2015 17:30;198
11.06.2015 17:40;196
11.06.2015 17:50;195
11.06.2015 18:00;188
11.06.2015 18:10;179
11.06.2015 18:20;178
11.06.2015 18:30;181
11.06.2015 18:40;174
11.06.2015 18:50;170
11.06.2015 19:00;169
11.06.2015 19:10;169
11.06.2015 19:20;169
11.06.2015 19:30;169
11.06.2015 19:40;168
11.06.2015 19:50;167
11.06.2015 20:00;166
11.06.2015 20:10;168
11.06.2015 20:20;166
11.06.2015 20:30;167
11.06.2015 20:40;166
11.06.2015 20:50;164
11.06.2015 21:00;165
11.06.2015 21:10;162
11.06.2015 21:20;163
11.06.2015 21:30;161
11.06.2015 21:40;162
11.06.2015 21:50;164
11.06.2015 22:00;164
11.06.2015 22:10;163
11.06.2015 22:20;161
11.06.2015 22:30;159
11.06.2015 22:40;157
11.06.2015 22:50;157
11.06.2015 23:00;155
11.06.2015 23:10;153
11.06.2015 23:20;153
11.06.2015 23:30;156
11.06.2015 23:40;150
11.06.2015 23:50;148
12.06.2015 00:00;147
12.06.2015 00:10;148
12.06.2015 00:20;144
12.06.2015 00:30;144
12.06.2015 00:40;145
12.06.2015 00:50;144
12.06.2015 01:00;143
12.06.2015 01:10;141
12.06.2015 01:20;140
12.06.2015 01:30;139
12.06.2015 01:40;137
12.06.2015 01:50;139
12.06.2015 02:00;136
12.06.2015 02:10;135
12.06.2015 02:20;137
12.06.2015 02:30;135
12.06.2015 02:40;134
12.06.2015 02:50;134
12.06.2015 03:00;133
12.06.2015 03:10;133
12.06.2015 03:20;133
12.06.2015 03:30;133
12.06.2015 03:40;133
12.06.2015 03:50;131
12.06.2015 04:00;133
12.06.2015 04:10;134
12.06.2015 04:20;134
12.06.2015 04:30;135
12.06.2015 04:40;137
12.06.2015 04:50;139
12.06.2015 05:00;140
12.06.2015 05:10;143
12.06.2015 05:20;146
12.06.2015 05:30;148
12.06.2015 05:40;149
12.06.2015 05:50;153
12.06.2015 06:00;157
12.06.2015 06:10;161
12.06.2015 06:20;163
12.06.2015 06:30;165
12.06.2015 06:40;168
12.06.2015 06:50;173
12.06.2015 07:00;176
12.06.2015 07:10;180
12.06.2015 07:20;186
12.06.2015 07:30;189
12.06.2015 07:40;191
12.06.2015 07:50;196
12.06.2015 08:00;199
12.06.2015 08:10;203
12.06.2015 08:20;207
12.06.2015 08:30;212
12.06.2015 08:40;214
12.06.2015 08:50;218
12.06.2015 09:00;222
12.06.2015 09:10;227
12.06.2015 09:20;231
12.06.2015 09:30;235
12.06.2015 09:40;238
12.06.2015 09:50;244
12.06.2015 10:00;251
12.06.2015 10:10;256
12.06.2015 10:20;264
12.06.2015 10:30;270
12.06.2015 10:40;274
12.06.2015 10:50;275
12.06.2015 11:00;276
12.06.2015 11:10;278
12.06.2015 11:20;279
12.06.2015 11:30;282
12.06.2015 11:40;282
12.06.2015 11:50;281
12.06.2015 12:00;284
12.06.2015 12:10;283
12.06.2015 12:20;285
12.06.2015 12:30;278
12.06.2015 12:40;277
12.06.2015 12:50;277
12.06.2015 13:00;285
12.06.2015 13:10;282
12.06.2015 13:20;282
12.06.2015 13:30;283
12.06.2015 13:40;285
12.06.2015 13:50;289
12.06.2015 14:00;288
12.06.2015 14:10;288
12.06.2015 14:20;283
12.06.2015 14:30;287
12.06.2015 14:40;288
12.06.2015 14:50;287
12.06.2015 15:00;285
12.06.2015 15:10;285
12.06.2015 15:20;281
12.06.2015 15:30;272
12.06.2015 15:40;266
12.06.2015 15:50;263
12.06.2015 16:00;261
12.06.2015 16:10;258
12.06.2015 16:20;260
12.06.2015 16:30;260
12.06.2015 16:40;260
12.06.2015 16:50;262
12.06.2015 17:00;260
12.06.2015 17:10;259
12.06.2015 17:20;260
12.06.2015 17:30;259
12.06.2015 17:40;259
12.06.2015 17:50;256
12.06.2015 18:00;255
12.06.2015 18:10;256
12.06.2015 18:20;250
12.06.2015 18:30;254
12.06.2015 18:40;251
12.06.2015 18:50;247
12.06.2015 19:00;247
12.06.2015 19:10;245
12.06.2015 19:20;245
12.06.2015 19:30;244
12.06.2015 19:40;248
12.06.2015 19:50;247
12.06.2015 20:00;245
12.06.2015 20:10;245
12.06.2015 20:20;245
12.06.2015 20:30;245
12.06.2015 20:40;248
12.06.2015 20:50;245
12.06.2015 21:00;234
12.06.2015 21:10;241
12.06.2015 21:20;225
12.06.2015 21:30;217
12.06.2015 21:40;209
12.06.2015 21:50;205
12.06.2015 22:00;221
12.06.2015 22:10;237
12.06.2015 22:20;235
12.06.2015 22:30;236
12.06.2015 22:40;234
12.06.2015 22:50;233
12.06.2015 23:00;235
12.06.2015 23:10;233
12.06.2015 23:20;232
12.06.2015 23:30;231
12.06.2015 23:40;229
12.06.2015 23:50;231
13.06.2015 00:00;230
13.06.2015 00:10;231
13.06.2015 00:20;231
13.06.2015 00:30;228
13.06.2015 00:40;222
13.06.2015 00:50;217
13.06.2015 01:00;213
13.06.2015 01:10;206
13.06.2015 01:20;202
13.06.2015 01:30;190
13.06.2015 01:40;195
13.06.2015 01:50;197
13.06.2015 02:00;184
13.06.2015 02:10;174
13.06.2015 02:20;168
13.06.2015 02:30;182
13.06.2015 02:40;174
13.06.2015 02:50;170
13.06.2015 03:00;173
13.06.2015 03:10;203
13.06.2015 03:20;174
13.06.2015 03:30;192
13.06.2015 03:40;180
13.06.2015 03:50;199
13.06.2015 04:00;177
13.06.2015 04:10;197
13.06.2015 04:20;201
13.06.2015 04:30;179
13.06.2015 04:40;179
13.06.2015 04:50;213
13.06.2015 05:00;176
13.06.2015 05:10;178
13.06.2015 05:20;197
13.06.2015 05:30;193
13.06.2015 05:40;197
13.06.2015 05:50;211
13.06.2015 06:00;193
13.06.2015 06:10;187
13.06.2015 06:20;224
13.06.2015 06:30;191
13.06.2015 06:40;188
13.06.2015 06:50;188
13.06.2015 07:00;195
13.06.2015 07:10;197
13.06.2015 07:20;197
13.06.2015 07:30;199
13.06.2015 07:40;202
13.06.2015 07:50;213
13.06.2015 08:00;221
13.06.2015 08:10;217
13.06.2015 08:20;217
13.06.2015 08:30;237
13.06.2015 08:40;245
13.06.2015 08:50;251
13.06.2015 09:00;255
13.06.2015 09:10;258
13.06.2015 09:20;261
13.06.2015 09:30;265
13.06.2015 09:40;264
13.06.2015 09:50;264
13.06.2015 10:00;264
13.06.2015 10:10;264
13.06.2015 10:20;263
13.06.2015 10:30;261
13.06.2015 10:40;263
13.06.2015 10:50;263
13.06.2015 11:00;271
13.06.2015 11:10;276
13.06.2015 11:20;276
13.06.2015 11:30;271
13.06.2015 11:40;274
13.06.2015 11:50;274
13.06.2015 12:00;281
13.06.2015 12:10;279
13.06.2015 12:20;278
13.06.2015 12:30;280
13.06.2015 12:40;282
13.06.2015 12:50;284
13.06.2015 13:00;284
13.06.2015 13:10;286
13.06.2015 13:20;287
13.06.2015 13:30;283
13.06.2015 13:40;281
13.06.2015 13:50;280
13.06.2015 14:00;288
13.06.2015 14:10;287
13.06.2015 14:20;288
13.06.2015 14:30;289
13.06.2015 14:40;286
13.06.2015 14:50;286
13.06.2015 15:00;284
13.06.2015 15:10;286
13.06.2015 15:20;282
13.06.2015 15:30;283
13.06.2015 15:40;282
13.06.2015 15:50;280
13.06.2015 16:00;280
13.06.2015 16:10;279
13.06.2015 16:20;275
13.06.2015 16:30;271
13.06.2015 16:40;267
13.06.2015 16:50;264
13.06.2015 17:00;265
13.06.2015 17:10;265
13.06.2015 17:20;264
13.06.2015 17:30;263
13.06.2015 17:40;265
13.06.2015 17:50;256
13.06.2015 18:00;254
13.06.2015 18:10;255
13.06.2015 18:20;253
13.06.2015 18:30;242
13.06.2015 18:40;219
13.06.2015 18:50;210
13.06.2015 19:00;221
13.06.2015 19:10;229
13.06.2015 19:20;231
13.06.2015 19:30;217
13.06.2015 19:40;233
13.06.2015 19:50;233
13.06.2015 20:00;211
13.06.2015 20:10;209
13.06.2015 20:20;201
13.06.2015 20:30;203
13.06.2015 20:40;196
13.06.2015 20:50;192
13.06.2015 21:00;188
13.06.2015 21:10;187
13.06.2015 21:20;183
13.06.2015 21:30;178
13.06.2015 21:40;171
13.06.2015 21:50;171
13.06.2015 22:00;173
13.06.2015 22:10;167
13.06.2015 22:20;165
13.06.2015 22:30;165
13.06.2015 22:40;163
13.06.2015 22:50;161
13.06.2015 23:00;164
13.06.2015 23:10;163
13.06.2015 23:20;162
13.06.2015 23:30;158
13.06.2015 23:40;158
13.06.2015 23:50;156
14.06.2015 00:00;155
14.06.2015 00:10;155
14.06.2015 00:20;156
14.06.2015 00:30;155
14.06.2015 00:40;154
14.06.2015 00:50;153
14.06.2015 01:00;152
14.06.2015 01:10;150
14.06.2015 01:20;150
14.06.2015 01:30;148
14.06.2015 01:40;151
14.06.2015 01:50;151
14.06.2015 02:00;151
14.06.2015 02:10;150
14.06.2015 02:20;147
14.06.2015 02:30;147
14.06.2015 02:40;146
14.06.2015 02:50;145
14.06.2015 03:00;141
14.06.2015 03:10;141
14.06.2015 03:20;140
14.06.2015 03:30;141
14.06.2015 03:40;139
14.06.2015 03:50;141
14.06.2015 04:00;142
14.06.2015 04:10;142
14.06.2015 04:20;143
14.06.2015 04:30;144
14.06.2015 04:40;146
14.06.2015 04:50;146
14.06.2015 05:00;147
14.06.2015 05:10;151
14.06.2015 05:20;156
14.06.2015 05:30;156
14.06.2015 05:40;158
14.06.2015 05:50;162
14.06.2015 06:00;166
14.06.2015 06:10;168
14.06.2015 06:20;170
14.06.2015 06:30;170
14.06.2015 06:40;172
14.06.2015 06:50;175
14.06.2015 07:00;177
14.06.2015 07:10;178
14.06.2015 07:20;180
14.06.2015 07:30;184
14.06.2015 07:40;190
14.06.2015 07:50;194
14.06.2015 08:00;198
14.06.2015 08:10;205
14.06.2015 08:20;206
14.06.2015 08:30;214
14.06.2015 08:40;216
14.06.2015 08:50;216
14.06.2015 09:00;219
14.06.2015 09:10;223
14.06.2015 09:20;228
14.06.2015 09:30;222
14.06.2015 09:40;226
14.06.2015 09:50;234
14.06.2015 10:00;235
14.06.2015 10:10;231
14.06.2015 10:20;225
14.06.2015 10:30;232
14.06.2015 10:40;210
14.06.2015 10:50;208
14.06.2015 11:00;193
14.06.2015 11:10;178
14.06.2015 11:20;173
14.06.2015 11:30;175
14.06.2015 11:40;180
14.06.2015 11:50;186
14.06.2015 12:00;185
14.06.2015 12:10;189
14.06.2015 12:20;193
14.06.2015 12:30;201
14.06.2015 12:40;204
14.06.2015 12:50;203
14.06.2015 13:00;201
14.06.2015 13:10;201
14.06.2015 13:20;200
14.06.2015 13:30;201
14.06.2015 13:40;205
14.06.2015 13:50;209
14.06.2015 14:00;212
14.06.2015 14:10;215
14.06.2015 14:20;219
14.06.2015 14:30;225
14.06.2015 14:40;225
14.06.2015 14:50;232
14.06.2015 15:00;236
14.06.2015 15:10;238
14.06.2015 15:20;241
14.06.2015 15:30;237
14.06.2015 15:40;235
14.06.2015 15:50;222
14.06.2015 16:00;216
14.06.2015 16:10;214
14.06.2015 16:20;215
14.06.2015 16:30;215
14.06.2015 16:40;223
14.06.2015 16:50;229
14.06.2015 17:00;225
14.06.2015 17:10;226
14.06.2015 17:20;225
14.06.2015 17:30;224
14.06.2015 17:40;223
14.06.2015 17:50;221
14.06.2015 18:00;217
14.06.2015 18:10;217
14.06.2015 18:20;215
14.06.2015 18:30;214
14.06.2015 18:40;216
14.06.2015 18:50;213
14.06.2015 19:00;214
14.06.2015 19:10;215
14.06.2015 19:20;216
14.06.2015 19:30;213
14.06.2015 19:40;214
14.06.2015 19:50;213
14.06.2015 20:00;210
14.06.2015 20:10;204
14.06.2015 20:20;208
14.06.2015 20:30;207
14.06.2015 20:40;201
14.06.2015 20:50;204
14.06.2015 21:00;200
14.06.2015 21:10;210
14.06.2015 21:20;200
14.06.2015 21:30;191
14.06.2015 21:40;179
14.06.2015 21:50;174
14.06.2015 22:00;168
14.06.2015 22:10;167
14.06.2015 22:20;161
14.06.2015 22:30;171
14.06.2015 22:40;169
14.06.2015 22:50;171
14.06.2015 23:00;167
14.06.2015 23:10;165
14.06.2015 23:20;170
14.06.2015 23:30;170
14.06.2015 23:40;167
14.06.2015 23:50;168
15.06.2015 00:00;169
15.06.2015 00:10;168
15.06.2015 00:20;166
15.06.2015 00:30;166
15.06.2015 00:40;169
15.06.2015 00:50;165
15.06.2015 01:00;163
15.06.2015 01:10;164
15.06.2015 01:20;161
15.06.2015 01:30;166
15.06.2015 01:40;166
15.06.2015 01:50;166
15.06.2015 02:00;168
15.06.2015 02:10;169
15.06.2015 02:20;166
15.06.2015 02:30;165
15.06.2015 02:40;166
15.06.2015 02:50;170
15.06.2015 03:00;168
15.06.2015 03:10;171
15.06.2015 03:20;172
15.06.2015 03:30;171
15.06.2015 03:40;170
15.06.2015 03:50;167
15.06.2015 04:00;163
15.06.2015 04:10;162
15.06.2015 04:20;161
15.06.2015 04:30;161
15.06.2015 04:40;161
15.06.2015 04:50;162
15.06.2015 05:00;161
15.06.2015 05:10;161
15.06.2015 05:20;161
15.06.2015 05:30;162
15.06.2015 05:40;161
15.06.2015 05:50;160
15.06.2015 06:00;159
15.06.2015 06:10;158
15.06.2015 06:20;159
15.06.2015 06:30;157
15.06.2015 06:40;159
15.06.2015 06:50;160
15.06.2015 07:00;161
15.06.2015 07:10;161
15.06.2015 07:20;162
15.06.2015 07:30;162
15.06.2015 07:40;162
15.06.2015 07:50;162
15.06.2015 08:00;163
15.06.2015 08:10;165
15.06.2015 08:20;166
15.06.2015 08:30;167
15.06.2015 08:40;167
15.06.2015 08:50;167
15.06.2015 09:00;169
15.06.2015 09:10;169
15.06.2015 09:20;169
15.06.2015 09:30;171
15.06.2015 09:40;172
15.06.2015 09:50;170
15.06.2015 10:00;169
15.06.2015 10:10;171
15.06.2015 10:20;174
15.06.2015 10:30;173
15.06.2015 10:40;173
15.06.2015 10:50;173
15.06.2015 11:00;173
15.06.2015 11:10;175
15.06.2015 11:20;175
15.06.2015 11:30;177
15.06.2015 11:40;176
15.06.2015 11:50;177
15.06.2015 12:00;179
15.06.2015 12:10;178
15.06.2015 12:20;178
15.06.2015 12:30;180
15.06.2015 12:40;182
15.06.2015 12:50;181
15.06.2015 13:00;181
15.06.2015 13:10;183
15.06.2015 13:20;182
15.06.2015 13:30;181
15.06.2015 13:40;179
15.06.2015 13:50;178
15.06.2015 14:00;180
15.06.2015 14:10;179
15.06.2015 14:20;179
15.06.2015 14:30;183
15.06.2015 14:40;183
15.06.2015 14:50;183
15.06.2015 15:00;181
15.06.2015 15:10;182
15.06.2015 15:20;183
15.06.2015 15:30;182
15.06.2015 15:40;183
15.06.2015 15:50;183
15.06.2015 16:00;181
15.06.2015 16:10;177
15.06.2015 16:20;179
15.06.2015 16:30;177
15.06.2015 16:40;178
15.06.2015 16:50;177
15.06.2015 17:00;176
15.06.2015 17:10;175
15.06.2015 17:20;173
15.06.2015 17:30;171
15.06.2015 17:40;168
15.06.2015 17:50;167
15.06.2015 18:00;166
15.06.2015 18:10;164
15.06.2015 18:20;162
15.06.2015 18:30;160
15.06.2015 18:40;159
15.06.2015 18:50;158
15.06.2015 19:00;158
15.06.2015 19:10;157
15.06.2015 19:20;156
15.06.2015 19:30;156
15.06.2015 19:40;157
15.06.2015 19:50;157
15.06.2015 20:00;155
15.06.2015 20:10;154
15.06.2015 20:20;154
15.06.2015 20:30;153
15.06.2015 20:40;153
15.06.2015 20:50;151
15.06.2015 21:00;151
15.06.2015 21:10;151
15.06.2015 21:20;153
15.06.2015 21:30;151
15.06.2015 21:40;152
15.06.2015 21:50;151
15.06.2015 22:00;151
15.06.2015 22:10;150
15.06.2015 22:20;150
15.06.2015 22:30;150
15.06.2015 22:40;150
15.06.2015 22:50;150
15.06.2015 23:00;150
15.06.2015 23:10;149
15.06.2015 23:20;148
15.06.2015 23:30;149
15.06.2015 23:40;149
15.06.2015 23:50;149
16.06.2015 00:00;150
16.06.2015 00:10;150
16.06.2015 00:20;149
16.06.2015 00:30;149
16.06.2015 00:40;148
16.06.2015 00:50;148
16.06.2015 01:00;147
16.06.2015 01:10;144
16.06.2015 01:20;145
16.06.2015 01:30;144
16.06.2015 01:40;144
16.06.2015 01:50;143
16.06.2015 02:00;143
16.06.2015 02:10;144
16.06.2015 02:20;144
16.06.2015 02:30;143
16.06.2015 02:40;143
16.06.2015 02:50;143
16.06.2015 03:00;143
16.06.2015 03:10;143
16.06.2015 03:20;142
16.06.2015 03:30;142
16.06.2015 03:40;140
16.06.2015 03:50;141
16.06.2015 04:00;141
16.06.2015 04:10;143
16.06.2015 04:20;143
16.06.2015 04:30;143
16.06.2015 04:40;143
16.06.2015 04:50;143
16.06.2015 05:00;144
16.06.2015 05:10;144
16.06.2015 05:20;144
16.06.2015 05:30;145
16.06.2015 05:40;145
16.06.2015 05:50;146
16.06.2015 06:00;146
16.06.2015 06:10;145
16.06.2015 06:20;147
16.06.2015 06:30;148
16.06.2015 06:40;147
16.06.2015 06:50;147
16.06.2015 07:00;147
16.06.2015 07:10;146
16.06.2015 07:20;144
16.06.2015 07:30;147
16.06.2015 07:40;148
16.06.2015 07:50;145
16.06.2015 08:00;148
16.06.2015 08:10;150
16.06.2015 08:20;153
16.06.2015 08:30;151
16.06.2015 08:40;152
16.06.2015 08:50;154
16.06.2015 09:00;155
16.06.2015 09:10;158
16.06.2015 09:20;159
16.06.2015 09:30;159
16.06.2015 09:40;163
16.06.2015 09:50;162
16.06.2015 10:00;162
16.06.2015 10:10;165
16.06.2015 10:20;166
16.06.2015 10:30;167
16.06.2015 10:40;165
16.06.2015 10:50;165
16.06.2015 11:00;165
16.06.2015 11:10;165
16.06.2015 11:20;164
16.06.2015 11:30;166
16.06.2015 11:40;165
16.06.2015 11:50;165
16.06.2015 12:00;164
16.06.2015 12:10;163
16.06.2015 12:20;162
16.06.2015 12:30;163
16.06.2015 12:40;163
16.06.2015 12:50;164
16.06.2015 13:00;164
16.06.2015 13:10;165
16.06.2015 13:20;165
16.06.2015 13:30;164
16.06.2015 13:40;165
16.06.2015 13:50;166
16.06.2015 14:00;164
16.06.2015 14:10;164
16.06.2015 14:20;164
16.06.2015 14:30;164
16.06.2015 14:40;162
16.06.2015 14:50;160
16.06.2015 15:00;159
16.06.2015 15:10;158
16.06.2015 15:20;157
16.06.2015 15:30;158
16.06.2015 15:40;157
16.06.2015 15:50;158
16.06.2015 16:00;157
16.06.2015 16:10;158
16.06.2015 16:20;156
16.06.2015 16:30;156
16.06.2015 16:40;155
16.06.2015 16:50;155
16.06.2015 17:00;153
16.06.2015 17:10;150
16.06.2015 17:20;148
16.06.2015 17:30;147
16.06.2015 17:40;145
16.06.2015 17:50;144
16.06.2015 18:00;144
16.06.2015 18:10;144
16.06.2015 18:20;144
16.06.2015 18:30;143
16.06.2015 18:40;144
16.06.2015 18:50;143
16.06.2015 19:00;141
16.06.2015 19:10;142
16.06.2015 19:20;141
16.06.2015 19:30;142
16.06.2015 19:40;142
16.06.2015 19:50;141
16.06.2015 20:00;141
16.06.2015 20:10;140
16.06.2015 20:20;141
16.06.2015 20:30;140
16.06.2015 20:40;139
16.06.2015 20:50;139
16.06.2015 21:00;137
16.06.2015 21:10;137
16.06.2015 21:20;136
16.06.2015 21:30;135
16.06.2015 21:40;136
16.06.2015 21:50;137
16.06.2015 22:00;136
16.06.2015 22:10;135
16.06.2015 22:20;134
16.06.2015 22:30;134
16.06.2015 22:40;134
16.06.2015 22:50;134
16.06.2015 23:00;134
16.06.2015 23:10;134
16.06.2015 23:20;134
16.06.2015 23:30;133
16.06.2015 23:40;133
16.06.2015 23:50;133
17.06.2015 00:00;134
17.06.2015 00:10;134
17.06.2015 00:20;134
17.06.2015 00:30;134
17.06.2015 00:40;133
17.06.2015 00:50;132
17.06.2015 01:00;133
17.06.2015 01:10;133
17.06.2015 01:20;132
17.06.2015 01:30;132
17.06.2015 01:40;133
17.06.2015 01:50;133
17.06.2015 02:00;133
17.06.2015 02:10;133
17.06.2015 02:20;133
17.06.2015 02:30;132
17.06.2015 02:40;131
17.06.2015 02:50;130
17.06.2015 03:00;128
17.06.2015 03:10;129
17.06.2015 03:20;129
17.06.2015 03:30;129
17.06.2015 03:40;129
17.06.2015 03:50;130
17.06.2015 04:00;130
17.06.2015 04:10;130
17.06.2015 04:20;130
17.06.2015 04:30;130
17.06.2015 04:40;130
17.06.2015 04:50;130
17.06.2015 05:00;131
17.06.2015 05:10;130
17.06.2015 05:20;130
17.06.2015 05:30;130
17.06.2015 05:40;131
17.06.2015 05:50;132
17.06.2015 06:00;132
17.06.2015 06:10;133
17.06.2015 06:20;133
17.06.2015 06:30;136
17.06.2015 06:40;136
17.06.2015 06:50;138
17.06.2015 07:00;139
17.06.2015 07:10;139
17.06.2015 07:20;139
17.06.2015 07:30;139
17.06.2015 07:40;141
17.06.2015 07:50;141
17.06.2015 08:00;143
17.06.2015 08:10;143
17.06.2015 08:20;144
17.06.2015 08:30;145
17.06.2015 08:40;145
17.06.2015 08:50;144
17.06.2015 09:00;145
17.06.2015 09:10;146
17.06.2015 09:20;147
17.06.2015 09:30;150
17.06.2015 09:40;150
17.06.2015 09:50;152
17.06.2015 10:00;155
17.06.2015 10:10;155
17.06.2015 10:20;159
17.06.2015 10:30;168
17.06.2015 10:40;163
17.06.2015 10:50;163
17.06.2015 11:00;164
17.06.2015 11:10;175
17.06.2015 11:20;173
17.06.2015 11:30;172
17.06.2015 11:40;177
17.06.2015 11:50;174
17.06.2015 12:00;180
17.06.2015 12:10;177
17.06.2015 12:20;178
17.06.2015 12:30;181
17.06.2015 12:40;184
17.06.2015 12:50;184
17.06.2015 13:00;191
17.06.2015 13:10;188
17.06.2015 13:20;188
17.06.2015 13:30;188
17.06.2015 13:40;190
17.06.2015 13:50;187
17.06.2015 14:00;190
17.06.2015 14:10;188
17.06.2015 14:20;190
17.06.2015 14:30;195
17.06.2015 14:40;200
17.06.2015 14:50;198
17.06.2015 15:00;202
17.06.2015 15:10;202
17.06.2015 15:20;199
17.06.2015 15:30;201
17.06.2015 15:40;204
17.06.2015 15:50;196
17.06.2015 16:00;204
17.06.2015 16:10;203
17.06.2015 16:20;201
17.06.2015 16:30;197
17.06.2015 16:40;197
17.06.2015 16:50;195
17.06.2015 17:00;195
17.06.2015 17:10;193
17.06.2015 17:20;187
17.06.2015 17:30;186
17.06.2015 17:40;184
17.06.2015 17:50;181
17.06.2015 18:00;180
17.06.2015 18:10;178
17.06.2015 18:20;178
17.06.2015 18:30;176
17.06.2015 18:40;172
17.06.2015 18:50;169
17.06.2015 19:00;166
17.06.2015 19:10;164
17.06.2015 19:20;157
17.06.2015 19:30;155
17.06.2015 19:40;154
17.06.2015 19:50;145
17.06.2015 20:00;149
17.06.2015 20:10;145
17.06.2015 20:20;145
17.06.2015 20:30;142
17.06.2015 20:40;143
17.06.2015 20:50;144
17.06.2015 21:00;142
17.06.2015 21:10;140
17.06.2015 21:20;138
17.06.2015 21:30;137
17.06.2015 21:40;134
17.06.2015 21:50;137
17.06.2015 22:00;133
17.06.2015 22:10;134
17.06.2015 22:20;131
17.06.2015 22:30;132
17.06.2015 22:40;130
17.06.2015 22:50;129
17.06.2015 23:00;129
17.06.2015 23:10;126
17.06.2015 23:20;123
17.06.2015 23:30;122
17.06.2015 23:40;121
17.06.2015 23:50;119
18.06.2015 00:00;116
18.06.2015 00:10;119
18.06.2015 00:20;117
18.06.2015 00:30;118
18.06.2015 00:40;111
18.06.2015 00:50;112
18.06.2015 01:00;111
18.06.2015 01:10;109
18.06.2015 01:20;111
18.06.2015 01:30;107
18.06.2015 01:40;106
18.06.2015 01:50;106
18.06.2015 02:00;106
18.06.2015 02:10;106
18.06.2015 02:20;105
18.06.2015 02:30;105
18.06.2015 02:40;104
18.06.2015 02:50;101
18.06.2015 03:00;102
18.06.2015 03:10;98
18.06.2015 03:20;98
18.06.2015 03:30;97
18.06.2015 03:40;97
18.06.2015 03:50;101
18.06.2015 04:00;101
18.06.2015 04:10;100
18.06.2015 04:20;103
18.06.2015 04:30;103
18.06.2015 04:40;105
18.06.2015 04:50;105
18.06.2015 05:00;108
18.06.2015 05:10;109
18.06.2015 05:20;111
18.06.2015 05:30;111
18.06.2015 05:40;114
18.06.2015 05:50;116
18.06.2015 06:00;119
18.06.2015 06:10;122
18.06.2015 06:20;124
18.06.2015 06:30;125
18.06.2015 06:40;127
18.06.2015 06:50;129
18.06.2015 07:00;130
18.06.2015 07:10;132
18.06.2015 07:20;134
18.06.2015 07:30;137
18.06.2015 07:40;139
18.06.2015 07:50;144
18.06.2015 08:00;146
18.06.2015 08:10;147
18.06.2015 08:20;149
18.06.2015 08:30;155
18.06.2015 08:40;161
18.06.2015 08:50;164
18.06.2015 09:00;164
18.06.2015 09:10;163
18.06.2015 09:20;169
18.06.2015 09:30;173
18.06.2015 09:40;176
18.06.2015 09:50;179
18.06.2015 10:00;181
18.06.2015 10:10;188
18.06.2015 10:20;187
18.06.2015 10:30;188
18.06.2015 10:40;189
18.06.2015 10:50;190
18.06.2015 11:00;200
18.06.2015 11:10;193
18.06.2015 11:20;191
18.06.2015 11:30;194
18.06.2015 11:40;198
18.06.2015 11:50;197
18.06.2015 12:00;197
18.06.2015 12:10;197
18.06.2015 12:20;198
18.06.2015 12:30;198
18.06.2015 12:40;198
18.06.2015 12:50;196
18.06.2015 13:00;198
18.06.2015 13:10;198
18.06.2015 13:20;200
18.06.2015 13:30;198
18.06.2015 13:40;200
18.06.2015 13:50;201
18.06.2015 14:00;203
18.06.2015 14:10;198
18.06.2015 14:20;199
18.06.2015 14:30;198
18.06.2015 14:40;196
18.06.2015 14:50;195
18.06.2015 15:00;194
18.06.2015 15:10;193
18.06.2015 15:20;193
18.06.2015 15:30;190
18.06.2015 15:40;188
18.06.2015 15:50;187
18.06.2015 16:00;184
18.06.2015 16:10;185
18.06.2015 16:20;184
18.06.2015 16:30;183
18.06.2015 16:40;183
18.06.2015 16:50;181
18.06.2015 17:00;177
18.06.2015 17:10;176
18.06.2015 17:20;177
18.06.2015 17:30;174
18.06.2015 17:40;172
18.06.2015 17:50;172
18.06.2015 18:00;171
18.06.2015 18:10;169
18.06.2015 18:20;167
18.06.2015 18:30;165
18.06.2015 18:40;164
18.06.2015 18:50;165
18.06.2015 19:00;163
18.06.2015 19:10;160
18.06.2015 19:20;159
18.06.2015 19:30;157
18.06.2015 19:40;155
18.06.2015 19:50;155
18.06.2015 20:00;155
18.06.2015 20:10;153
18.06.2015 20:20;152
18.06.2015 20:30;152
18.06.2015 20:40;151
18.06.2015 20:50;150
18.06.2015 21:00;150
18.06.2015 21:10;151
18.06.2015 21:20;150
18.06.2015 21:30;150
18.06.2015 21:40;149
18.06.2015 21:50;149
18.06.2015 22:00;150
18.06.2015 22:10;148
18.06.2015 22:20;149
18.06.2015 22:30;149
18.06.2015 22:40;148
18.06.2015 22:50;149
18.06.2015 23:00;146
18.06.2015 23:10;146
18.06.2015 23:20;146
18.06.2015 23:30;147
18.06.2015 23:40;146
18.06.2015 23:50;146
19.06.2015 00:00;146
19.06.2015 00:10;146
19.06.2015 00:20;145
19.06.2015 00:30;144
19.06.2015 00:40;144
19.06.2015 00:50;144
19.06.2015 01:00;144
19.06.2015 01:10;144
19.06.2015 01:20;145
19.06.2015 01:30;144
19.06.2015 01:40;144
19.06.2015 01:50;143
19.06.2015 02:00;144
19.06.2015 02:10;144
19.06.2015 02:20;143
19.06.2015 02:30;141
19.06.2015 02:40;136
19.06.2015 02:50;133
19.06.2015 03:00;131
19.06.2015 03:10;131
19.06.2015 03:20;129
19.06.2015 03:30;129
19.06.2015 03:40;129
19.06.2015 03:50;128
19.06.2015 04:00;129
19.06.2015 04:10;129
19.06.2015 04:20;128
19.06.2015 04:30;128
19.06.2015 04:40;128
19.06.2015 04:50;129
19.06.2015 05:00;131
19.06.2015 05:10;133
19.06.2015 05:20;136
19.06.2015 05:30;135
19.06.2015 05:40;138
19.06.2015 05:50;140
19.06.2015 06:00;146
19.06.2015 06:10;141
19.06.2015 06:20;150
19.06.2015 06:30;150
19.06.2015 06:40;153
19.06.2015 06:50;152
19.06.2015 07:00;152
19.06.2015 07:10;154
19.06.2015 07:20;154
19.06.2015 07:30;156
19.06.2015 07:40;161
19.06.2015 07:50;165
19.06.2015 08:00;169
19.06.2015 08:10;168
19.06.2015 08:20;166
19.06.2015 08:30;170
19.06.2015 08:40;170
19.06.2015 08:50;169
19.06.2015 09:00;164
19.06.2015 09:10;162
19.06.2015 09:20;163
19.06.2015 09:30;160
19.06.2015 09:40;159
19.06.2015 09:50;164
19.06.2015 10:00;167
19.06.2015 10:10;169
19.06.2015 10:20;163
19.06.2015 10:30;156
19.06.2015 10:40;151
19.06.2015 10:50;152
19.06.2015 11:00;155
19.06.2015 11:10;162
19.06.2015 11:20;159
19.06.2015 11:30;158
19.06.2015 11:40;155
19.06.2015 11:50;158
19.06.2015 12:00;161
19.06.2015 12:10;158
19.06.2015 12:20;154
19.06.2015 12:30;152
19.06.2015 12:40;154
19.06.2015 12:50;158
19.06.2015 13:00;162
19.06.2015 13:10;160
19.06.2015 13:20;166
19.06.2015 13:30;175
19.06.2015 13:40;173
19.06.2015 13:50;176
19.06.2015 14:00;175
19.06.2015 14:10;181
19.06.2015 14:20;173
19.06.2015 14:30;171
19.06.2015 14:40;171
19.06.2015 14:50;170
19.06.2015 15:00;166
19.06.2015 15:10;161
19.06.2015 15:20;158
19.06.2015 15:30;155
19.06.2015 15:40;158
19.06.2015 15:50;161
19.06.2015 16:00;157
19.06.2015 16:10;159
19.06.2015 16:20;157
19.06.2015 16:30;155
19.06.2015 16:40;153
19.06.2015 16:50;151
19.06.2015 17:00;151
19.06.2015 17:10;146
19.06.2015 17:20;148
19.06.2015 17:30;147
19.06.2015 17:40;144
19.06.2015 17:50;143
19.06.2015 18:00;141
19.06.2015 18:10;140
19.06.2015 18:20;139
19.06.2015 18:30;137
19.06.2015 18:40;135
19.06.2015 18:50;133
19.06.2015 19:00;131
19.06.2015 19:10;131
19.06.2015 19:20;130
19.06.2015 19:30;129
19.06.2015 19:40;125
19.06.2015 19:50;125
19.06.2015 20:00;123
19.06.2015 20:10;121
19.06.2015 20:20;120
19.06.2015 20:30;120
19.06.2015 20:40;121
19.06.2015 20:50;119
19.06.2015 21:00;117
19.06.2015 21:10;115
19.06.2015 21:20;115
19.06.2015 21:30;116
19.06.2015 21:40;117
19.06.2015 21:50;116
19.06.2015 22:00;113
19.06.2015 22:10;114
19.06.2015 22:20;115
19.06.2015 22:30;114
19.06.2015 22:40;114
19.06.2015 22:50;114
19.06.2015 23:00;115
19.06.2015 23:10;114
19.06.2015 23:20;113
19.06.2015 23:30;112
19.06.2015 23:40;110
19.06.2015 23:50;109
20.06.2015 00:00;109
20.06.2015 00:10;109
20.06.2015 00:20;109
20.06.2015 00:30;109
20.06.2015 00:40;109
20.06.2015 00:50;111
20.06.2015 01:00;108
20.06.2015 01:10;109
20.06.2015 01:20;111
20.06.2015 01:30;110
20.06.2015 01:40;110
20.06.2015 01:50;109
20.06.2015 02:00;108
20.06.2015 02:10;108
20.06.2015 02:20;107
20.06.2015 02:30;107
20.06.2015 02:40;108
20.06.2015 02:50;108
20.06.2015 03:00;108
20.06.2015 03:10;108
20.06.2015 03:20;108
20.06.2015 03:30;107
20.06.2015 03:40;107
20.06.2015 03:50;106
20.06.2015 04:00;107
20.06.2015 04:10;107
20.06.2015 04:20;107
20.06.2015 04:30;106
20.06.2015 04:40;107
20.06.2015 04:50;107
20.06.2015 05:00;108
20.06.2015 05:10;108
20.06.2015 05:20;109
20.06.2015 05:30;109
20.06.2015 05:40;110
20.06.2015 05:50;111
20.06.2015 06:00;111
20.06.2015 06:10;110
20.06.2015 06:20;110
20.06.2015 06:30;109
20.06.2015 06:40;107
20.06.2015 06:50;106
20.06.2015 07:00;106
20.06.2015 07:10;104
20.06.2015 07:20;106
20.06.2015 07:30;107
20.06.2015 07:40;108
20.06.2015 07:50;109
20.06.2015 08:00;108
20.06.2015 08:10;109
20.06.2015 08:20;112
20.06.2015 08:30;108
20.06.2015 08:40;108
20.06.2015 08:50;109
20.06.2015 09:00;107
20.06.2015 09:10;109
20.06.2015 09:20;107
20.06.2015 09:30;110
20.06.2015 09:40;108
20.06.2015 09:50;106
20.06.2015 10:00;106
20.06.2015 10:10;106
20.06.2015 10:20;107
20.06.2015 10:30;104
20.06.2015 10:40;105
20.06.2015 10:50;108
20.06.2015 11:00;110
20.06.2015 11:10;112
20.06.2015 11:20;115
20.06.2015 11:30;118
20.06.2015 11:40;121
20.06.2015 11:50;123
20.06.2015 12:00;125
20.06.2015 12:10;129
20.06.2015 12:20;127
20.06.2015 12:30;126
20.06.2015 12:40;127
20.06.2015 12:50;127
20.06.2015 13:00;125
20.06.2015 13:10;119
20.06.2015 13:20;121
20.06.2015 13:30;126
20.06.2015 13:40;124
20.06.2015 13:50;120
20.06.2015 14:00;129
20.06.2015 14:10;125
20.06.2015 14:20;133
20.06.2015 14:30;130
20.06.2015 14:40;129
20.06.2015 14:50;129
20.06.2015 15:00;129
20.06.2015 15:10;128
20.06.2015 15:20;126
20.06.2015 15:30;125
20.06.2015 15:40;124
20.06.2015 15:50;123
20.06.2015 16:00;123
20.06.2015 16:10;123
20.06.2015 16:20;124
20.06.2015 16:30;123
20.06.2015 16:40;123
20.06.2015 16:50;123
20.06.2015 17:00;123
20.06.2015 17:10;120
20.06.2015 17:20;119
20.06.2015 17:30;118
20.06.2015 17:40;117
20.06.2015 17:50;116
20.06.2015 18:00;114
20.06.2015 18:10;113
20.06.2015 18:20;111
20.06.2015 18:30;110
20.06.2015 18:40;110
20.06.2015 18:50;109
20.06.2015 19:00;107
20.06.2015 19:10;105
20.06.2015 19:20;103
20.06.2015 19:30;103
20.06.2015 19:40;103
20.06.2015 19:50;103
20.06.2015 20:00;103
20.06.2015 20:10;104
20.06.2015 20:20;102
20.06.2015 20:30;101
20.06.2015 20:40;101
20.06.2015 20:50;100
20.06.2015 21:00;100
20.06.2015 21:10;99
20.06.2015 21:20;100
20.06.2015 21:30;98
20.06.2015 21:40;99
20.06.2015 21:50;98
20.06.2015 22:00;99
20.06.2015 22:10;98
20.06.2015 22:20;98
20.06.2015 22:30;99
20.06.2015 22:40;98
20.06.2015 22:50;97
20.06.2015 23:00;97
20.06.2015 23:10;98
20.06.2015 23:20;98
20.06.2015 23:30;98
20.06.2015 23:40;98
20.06.2015 23:50;97
21.06.2015 00:00;97
21.06.2015 00:10;97
21.06.2015 00:20;97
21.06.2015 00:30;98
21.06.2015 00:40;99
21.06.2015 00:50;98
21.06.2015 01:00;98
21.06.2015 01:10;98
21.06.2015 01:20;98
21.06.2015 01:30;97
21.06.2015 01:40;98
21.06.2015 01:50;96
21.06.2015 02:00;96
21.06.2015 02:10;95
21.06.2015 02:20;94
21.06.2015 02:30;94
21.06.2015 02:40;94
21.06.2015 02:50;94
21.06.2015 03:00;92
21.06.2015 03:10;92
21.06.2015 03:20;93
21.06.2015 03:30;93
21.06.2015 03:40;93
21.06.2015 03:50;93
21.06.2015 04:00;94
21.06.2015 04:10;94
21.06.2015 04:20;96
21.06.2015 04:30;96
21.06.2015 04:40;97
21.06.2015 04:50;97
21.06.2015 05:00;97
21.06.2015 05:10;98
21.06.2015 05:20;97
21.06.2015 05:30;98
21.06.2015 05:40;99
21.06.2015 05:50;101
21.06.2015 06:00;101
21.06.2015 06:10;102
21.06.2015 06:20;104
21.06.2015 06:30;104
21.06.2015 06:40;104
21.06.2015 06:50;105
21.06.2015 07:00;105
21.06.2015 07:10;107
21.06.2015 07:20;109
21.06.2015 07:30;108
21.06.2015 07:40;110
21.06.2015 07:50;112
21.06.2015 08:00;110
21.06.2015 08:10;111
21.06.2015 08:20;112
21.06.2015 08:30;112
21.06.2015 08:40;114
21.06.2015 08:50;117
21.06.2015 09:00;118
21.06.2015 09:10;120
21.06.2015 09:20;120
21.06.2015 09:30;121
21.06.2015 09:40;125
21.06.2015 09:50;127
21.06.2015 10:00;125
21.06.2015 10:10;126
21.06.2015 10:20;130
21.06.2015 10:30;129
21.06.2015 10:40;136
21.06.2015 10:50;133
21.06.2015 11:00;132
21.06.2015 11:10;135
21.06.2015 11:20;135
21.06.2015 11:30;137
21.06.2015 11:40;142
21.06.2015 11:50;140
21.06.2015 12:00;142
21.06.2015 12:10;142
21.06.2015 12:20;140
21.06.2015 12:30;145
21.06.2015 12:40;145
21.06.2015 12:50;149
21.06.2015 13:00;150
21.06.2015 13:10;153
21.06.2015 13:20;155
21.06.2015 13:30;153
21.06.2015 13:40;158
21.06.2015 13:50;161
21.06.2015 14:00;157
21.06.2015 14:10;156
21.06.2015 14:20;166
21.06.2015 14:30;162
21.06.2015 14:40;171
21.06.2015 14:50;164
21.06.2015 15:00;163
21.06.2015 15:10;162
21.06.2015 15:20;165
21.06.2015 15:30;168
21.06.2015 15:40;168
21.06.2015 15:50;172
21.06.2015 16:00;166
21.06.2015 16:10;162
21.06.2015 16:20;162
21.06.2015 16:30;159
21.06.2015 16:40;158
21.06.2015 16:50;159
21.06.2015 17:00;158
21.06.2015 17:10;154
21.06.2015 17:20;150
21.06.2015 17:30;147
21.06.2015 17:40;147
21.06.2015 17:50;147
21.06.2015 18:00;146
21.06.2015 18:10;143
21.06.2015 18:20;142
21.06.2015 18:30;141
21.06.2015 18:40;139
21.06.2015 18:50;137
21.06.2015 19:00;137
21.06.2015 19:10;137
21.06.2015 19:20;134
21.06.2015 19:30;134
21.06.2015 19:40;133
21.06.2015 19:50;132
21.06.2015 20:00;127
21.06.2015 20:10;125
21.06.2015 20:20;124
21.06.2015 20:30;124
21.06.2015 20:40;120
21.06.2015 20:50;121
21.06.2015 21:00;121
21.06.2015 21:10;122
21.06.2015 21:20;122
21.06.2015 21:30;121
21.06.2015 21:40;119
21.06.2015 21:50;116
21.06.2015 22:00;118
21.06.2015 22:10;119
21.06.2015 22:20;116
21.06.2015 22:30;118
21.06.2015 22:40;116
21.06.2015 22:50;116
21.06.2015 23:00;116
21.06.2015 23:10;116
21.06.2015 23:20;117
21.06.2015 23:30;116
21.06.2015 23:40;118
21.06.2015 23:50;117
22.06.2015 00:00;118
22.06.2015 00:10;118
22.06.2015 00:20;118
22.06.2015 00:30;118
22.06.2015 00:40;118
22.06.2015 00:50;118
22.06.2015 01:00;118
22.06.2015 01:10;118
22.06.2015 01:20;118
22.06.2015 01:30;118
22.06.2015 01:40;119
22.06.2015 01:50;117
22.06.2015 02:00;117
22.06.2015 02:10;118
22.06.2015 02:20;118
22.06.2015 02:30;119
22.06.2015 02:40;119
22.06.2015 02:50;118
22.06.2015 03:00;118
22.06.2015 03:10;118
22.06.2015 03:20;119
22.06.2015 03:30;119
22.06.2015 03:40;119
22.06.2015 03:50;119
22.06.2015 04:00;120
22.06.2015 04:10;119
22.06.2015 04:20;120
22.06.2015 04:30;120
22.06.2015 04:40;121
22.06.2015 04:50;124
22.06.2015 05:00;126
22.06.2015 05:10;134
22.06.2015 05:20;137
22.06.2015 05:30;137
22.06.2015 05:40;136
22.06.2015 05:50;137
22.06.2015 06:00;136
22.06.2015 06:10;135
22.06.2015 06:20;136
22.06.2015 06:30;139
22.06.2015 06:40;140
22.06.2015 06:50;142
22.06.2015 07:00;146
22.06.2015 07:10;148
22.06.2015 07:20;153
22.06.2015 07:30;154
22.06.2015 07:40;156
22.06.2015 07:50;163
22.06.2015 08:00;163
22.06.2015 08:10;164
22.06.2015 08:20;169
22.06.2015 08:30;172
22.06.2015 08:40;174
22.06.2015 08:50;175
22.06.2015 09:00;179
22.06.2015 09:10;180
22.06.2015 09:20;184
22.06.2015 09:30;187
22.06.2015 09:40;192
22.06.2015 09:50;193
22.06.2015 10:00;200
22.06.2015 10:10;202
22.06.2015 10:20;207
22.06.2015 10:30;209
22.06.2015 10:40;210
22.06.2015 10:50;213
22.06.2015 11:00;216
22.06.2015 11:10;223
22.06.2015 11:20;223
22.06.2015 11:30;225
22.06.2015 11:40;229
22.06.2015 11:50;230
22.06.2015 12:00;234
22.06.2015 12:10;238
22.06.2015 12:20;243
22.06.2015 12:30;242
22.06.2015 12:40;244
22.06.2015 12:50;247
22.06.2015 13:00;253
22.06.2015 13:10;250
22.06.2015 13:20;247
22.06.2015 13:30;248
22.06.2015 13:40;243
22.06.2015 13:50;238
22.06.2015 14:00;235
22.06.2015 14:10;233
22.06.2015 14:20;232
22.06.2015 14:30;231
22.06.2015 14:40;230
22.06.2015 14:50;227
22.06.2015 15:00;226
22.06.2015 15:10;226
22.06.2015 15:20;221
22.06.2015 15:30;217
22.06.2015 15:40;216
22.06.2015 15:50;212
22.06.2015 16:00;209
22.06.2015 16:10;203
22.06.2015 16:20;203
22.06.2015 16:30;196
22.06.2015 16:40;189
22.06.2015 16:50;184
22.06.2015 17:00;179
22.06.2015 17:10;175
22.06.2015 17:20;170
22.06.2015 17:30;168
22.06.2015 17:40;165
22.06.2015 17:50;165
22.06.2015 18:00;161
22.06.2015 18:10;161
22.06.2015 18:20;158
22.06.2015 18:30;156
22.06.2015 18:40;153
22.06.2015 18:50;152
22.06.2015 19:00;151
22.06.2015 19:10;146
22.06.2015 19:20;142
22.06.2015 19:30;141
22.06.2015 19:40;140
22.06.2015 19:50;139
22.06.2015 20:00;137
22.06.2015 20:10;137
22.06.2015 20:20;137
22.06.2015 20:30;137
22.06.2015 20:40;136
22.06.2015 20:50;136
22.06.2015 21:00;136
22.06.2015 21:10;136
22.06.2015 21:20;135
22.06.2015 21:30;134
22.06.2015 21:40;133
22.06.2015 21:50;130
22.06.2015 22:00;132
22.06.2015 22:10;133
22.06.2015 22:20;132
22.06.2015 22:30;133
22.06.2015 22:40;130
22.06.2015 22:50;131
22.06.2015 23:00;130
22.06.2015 23:10;129
22.06.2015 23:20;132
22.06.2015 23:30;132
22.06.2015 23:40;132
22.06.2015 23:50;131
23.06.2015 00:00;132
23.06.2015 00:10;133
23.06.2015 00:20;131
23.06.2015 00:30;133
23.06.2015 00:40;134
23.06.2015 00:50;135
23.06.2015 01:00;134
23.06.2015 01:10;134
23.06.2015 01:20;133
23.06.2015 01:30;134
23.06.2015 01:40;133
23.06.2015 01:50;134
23.06.2015 02:00;133
23.06.2015 02:10;130
23.06.2015 02:20;126
23.06.2015 02:30;125
23.06.2015 02:40;125
23.06.2015 02:50;124
23.06.2015 03:00;124
23.06.2015 03:10;125
23.06.2015 03:20;122
23.06.2015 03:30;122
23.06.2015 03:40;120
23.06.2015 03:50;119
23.06.2015 04:00;120
23.06.2015 04:10;119
23.06.2015 04:20;119
23.06.2015 04:30;117
23.06.2015 04:40;118
23.06.2015 04:50;116
23.06.2015 05:00;117
23.06.2015 05:10;119
23.06.2015 05:20;119
23.06.2015 05:30;118
23.06.2015 05:40;119
23.06.2015 05:50;122
23.06.2015 06:00;121
23.06.2015 06:10;123
23.06.2015 06:20;125
23.06.2015 06:30;125
23.06.2015 06:40;127
23.06.2015 06:50;127
23.06.2015 07:00;128
23.06.2015 07:10;131
23.06.2015 07:20;135
23.06.2015 07:30;138
23.06.2015 07:40;143
23.06.2015 07:50;147
23.06.2015 08:00;147
23.06.2015 08:10;149
23.06.2015 08:20;152
23.06.2015 08:30;159
23.06.2015 08:40;161
23.06.2015 08:50;157
23.06.2015 09:00;158
23.06.2015 09:10;163
23.06.2015 09:20;169
23.06.2015 09:30;167
23.06.2015 09:40;173
23.06.2015 09:50;173
23.06.2015 10:00;174
23.06.2015 10:10;173
23.06.2015 10:20;180
23.06.2015 10:30;180
23.06.2015 10:40;185
23.06.2015 10:50;188
23.06.2015 11:00;190
23.06.2015 11:10;186
23.06.2015 11:20;186
23.06.2015 11:30;188
23.06.2015 11:40;190
23.06.2015 11:50;193
23.06.2015 12:00;194
23.06.2015 12:10;196
23.06.2015 12:20;198
23.06.2015 12:30;194
23.06.2015 12:40;186
23.06.2015 12:50;194
23.06.2015 13:00;190
23.06.2015 13:10;194
23.06.2015 13:20;196
23.06.2015 13:30;188
23.06.2015 13:40;194
23.06.2015 13:50;190
23.06.2015 14:00;191
23.06.2015 14:10;191
23.06.2015 14:20;189
23.06.2015 14:30;191
23.06.2015 14:40;192
23.06.2015 14:50;192
23.06.2015 15:00;193
23.06.2015 15:10;193
23.06.2015 15:20;192
23.06.2015 15:30;191
23.06.2015 15:40;192
23.06.2015 15:50;192
23.06.2015 16:00;195
23.06.2015 16:10;195
23.06.2015 16:20;195
23.06.2015 16:30;198
23.06.2015 16:40;198
23.06.2015 16:50;205
23.06.2015 17:00;203
23.06.2015 17:10;186
23.06.2015 17:20;183
23.06.2015 17:30;179
23.06.2015 17:40;175
23.06.2015 17:50;175
23.06.2015 18:00;171
23.06.2015 18:10;172
23.06.2015 18:20;168
23.06.2015 18:30;166
23.06.2015 18:40;166
23.06.2015 18:50;165
23.06.2015 19:00;160
23.06.2015 19:10;160
23.06.2015 19:20;150
23.06.2015 19:30;156
23.06.2015 19:40;152
23.06.2015 19:50;154
23.06.2015 20:00;144
23.06.2015 20:10;145
23.06.2015 20:20;144
23.06.2015 20:30;147
23.06.2015 20:40;144
23.06.2015 20:50;144
23.06.2015 21:00;140
23.06.2015 21:10;141
23.06.2015 21:20;135
23.06.2015 21:30;142
23.06.2015 21:40;143
23.06.2015 21:50;139
23.06.2015 22:00;136
23.06.2015 22:10;141
23.06.2015 22:20;138
23.06.2015 22:30;137
23.06.2015 22:40;134
23.06.2015 22:50;133
23.06.2015 23:00;132
23.06.2015 23:10;135
23.06.2015 23:20;135
23.06.2015 23:30;138
23.06.2015 23:40;140
23.06.2015 23:50;141
24.06.2015 00:00;138
24.06.2015 00:10;140
24.06.2015 00:20;137
24.06.2015 00:30;134
24.06.2015 00:40;140
24.06.2015 00:50;138
24.06.2015 01:00;138
24.06.2015 01:10;137
24.06.2015 01:20;134
24.06.2015 01:30;133
24.06.2015 01:40;129
24.06.2015 01:50;129
24.06.2015 02:00;126
24.06.2015 02:10;126
24.06.2015 02:20;123
24.06.2015 02:30;123
24.06.2015 02:40;124
24.06.2015 02:50;124
24.06.2015 03:00;121
24.06.2015 03:10;120
24.06.2015 03:20;120
24.06.2015 03:30;117
24.06.2015 03:40;117
24.06.2015 03:50;116
24.06.2015 04:00;113
24.06.2015 04:10;114
24.06.2015 04:20;113
24.06.2015 04:30;112
24.06.2015 04:40;111
24.06.2015 04:50;112
24.06.2015 05:00;116
24.06.2015 05:10;120
24.06.2015 05:20;129
24.06.2015 05:30;131
24.06.2015 05:40;128
24.06.2015 05:50;130
24.06.2015 06:00;127
24.06.2015 06:10;127
24.06.2015 06:20;132
24.06.2015 06:30;136
24.06.2015 06:40;139
24.06.2015 06:50;140
24.06.2015 07:00;140
24.06.2015 07:10;145
24.06.2015 07:20;148
24.06.2015 07:30;148
24.06.2015 07:40;154
24.06.2015 07:50;154
24.06.2015 08:00;159
24.06.2015 08:10;162
24.06.2015 08:20;166
24.06.2015 08:30;166
24.06.2015 08:40;158
24.06.2015 08:50;166
24.06.2015 09:00;166
24.06.2015 09:10;169
24.06.2015 09:20;171
24.06.2015 09:30;172
24.06.2015 09:40;173
24.06.2015 09:50;172
24.06.2015 10:00;183
24.06.2015 10:10;176
24.06.2015 10:20;180
24.06.2015 10:30;185
24.06.2015 10:40;190
24.06.2015 10:50;185
24.06.2015 11:00;182
24.06.2015 11:10;185
24.06.2015 11:20;193
24.06.2015 11:30;186
24.06.2015 11:40;193
24.06.2015 11:50;191
24.06.2015 12:00;195
24.06.2015 12:10;198
24.06.2015 12:20;195
24.06.2015 12:30;203
24.06.2015 12:40;202
24.06.2015 12:50;194
24.06.2015 13:00;202
24.06.2015 13:10;205
24.06.2015 13:20;205
24.06.2015 13:30;205
24.06.2015 13:40;209
24.06.2015 13:50;206
24.06.2015 14:00;208
24.06.2015 14:10;208
24.06.2015 14:20;207
24.06.2015 14:30;208
24.06.2015 14:40;213
24.06.2015 14:50;208
24.06.2015 15:00;212
24.06.2015 15:10;210
24.06.2015 15:20;211
24.06.2015 15:30;212
24.06.2015 15:40;209
24.06.2015 15:50;209
24.06.2015 16:00;209
24.06.2015 16:10;211
24.06.2015 16:20;204
24.06.2015 16:30;206
24.06.2015 16:40;204
24.06.2015 16:50;202
24.06.2015 17:00;201
24.06.2015 17:10;199
24.06.2015 17:20;197
24.06.2015 17:30;196
24.06.2015 17:40;196
24.06.2015 17:50;189
24.06.2015 18:00;186
24.06.2015 18:10;184
24.06.2015 18:20;182
24.06.2015 18:30;174
24.06.2015 18:40;170
24.06.2015 18:50;163
24.06.2015 19:00;160
24.06.2015 19:10;156
24.06.2015 19:20;155
24.06.2015 19:30;159
24.06.2015 19:40;152
24.06.2015 19:50;145
24.06.2015 20:00;144
24.06.2015 20:10;145
24.06.2015 20:20;140
24.06.2015 20:30;140
24.06.2015 20:40;133
24.06.2015 20:50;131
24.06.2015 21:00;132
24.06.2015 21:10;130
24.06.2015 21:20;130
24.06.2015 21:30;126
24.06.2015 21:40;124
24.06.2015 21:50;123
24.06.2015 22:00;125
24.06.2015 22:10;118
24.06.2015 22:20;118
24.06.2015 22:30;113
24.06.2015 22:40;117
24.06.2015 22:50;114
24.06.2015 23:00;112
24.06.2015 23:10;112
24.06.2015 23:20;112
24.06.2015 23:30;111
24.06.2015 23:40;109
24.06.2015 23:50;109
25.06.2015 00:00;107
25.06.2015 00:10;104
25.06.2015 00:20;101
25.06.2015 00:30;104
25.06.2015 00:40;103
25.06.2015 00:50;98
25.06.2015 01:00;98
25.06.2015 01:10;98
25.06.2015 01:20;94
25.06.2015 01:30;94
25.06.2015 01:40;91
25.06.2015 01:50;95
25.06.2015 02:00;92
25.06.2015 02:10;90
25.06.2015 02:20;90
25.06.2015 02:30;93
25.06.2015 02:40;94
25.06.2015 02:50;88
25.06.2015 03:00;90
25.06.2015 03:10;90
25.06.2015 03:20;87
25.06.2015 03:30;85
25.06.2015 03:40;85
25.06.2015 03:50;84
25.06.2015 04:00;88
25.06.2015 04:10;92
25.06.2015 04:20;96
25.06.2015 04:30;98
25.06.2015 04:40;103
25.06.2015 04:50;106
25.06.2015 05:00;109
25.06.2015 05:10;111
25.06.2015 05:20;110
25.06.2015 05:30;112
25.06.2015 05:40;113
25.06.2015 05:50;116
25.06.2015 06:00;119
25.06.2015 06:10;123
25.06.2015 06:20;128
25.06.2015 06:30;131
25.06.2015 06:40;134
25.06.2015 06:50;137
25.06.2015 07:00;142
25.06.2015 07:10;144
25.06.2015 07:20;148
25.06.2015 07:30;152
25.06.2015 07:40;157
25.06.2015 07:50;159
25.06.2015 08:00;166
25.06.2015 08:10;169
25.06.2015 08:20;173
25.06.2015 08:30;175
25.06.2015 08:40;181
25.06.2015 08:50;188
25.06.2015 09:00;188
25.06.2015 09:10;187
25.06.2015 09:20;191
25.06.2015 09:30;196
25.06.2015 09:40;198
25.06.2015 09:50;199
25.06.2015 10:00;208
25.06.2015 10:10;209
25.06.2015 10:20;207
25.06.2015 10:30;209
25.06.2015 10:40;215
25.06.2015 10:50;217
25.06.2015 11:00;216
25.06.2015 11:10;216
25.06.2015 11:20;216
25.06.2015 11:30;219
25.06.2015 11:40;217
25.06.2015 11:50;222
25.06.2015 12:00;222
25.06.2015 12:10;226
25.06.2015 12:20;228
25.06.2015 12:30;229
25.06.2015 12:40;232
25.06.2015 12:50;225
25.06.2015 13:00;225
25.06.2015 13:10;227
25.06.2015 13:20;236
25.06.2015 13:30;235
25.06.2015 13:40;234
25.06.2015 13:50;236
25.06.2015 14:00;233
25.06.2015 14:10;237
25.06.2015 14:20;230
25.06.2015 14:30;233
25.06.2015 14:40;225
25.06.2015 14:50;226
25.06.2015 15:00;228
25.06.2015 15:10;224
25.06.2015 15:20;221
25.06.2015 15:30;223
25.06.2015 15:40;218
25.06.2015 15:50;215
25.06.2015 16:00;222
25.06.2015 16:10;224
25.06.2015 16:20;220
25.06.2015 16:30;216
25.06.2015 16:40;214
25.06.2015 16:50;215
25.06.2015 17:00;214
25.06.2015 17:10;216
25.06.2015 17:20;213
25.06.2015 17:30;212
25.06.2015 17:40;209
25.06.2015 17:50;205
25.06.2015 18:00;204
25.06.2015 18:10;201
25.06.2015 18:20;198
25.06.2015 18:30;196
25.06.2015 18:40;195
25.06.2015 18:50;189
25.06.2015 19:00;187
25.06.2015 19:10;182
25.06.2015 19:20;176
25.06.2015 19:30;173
25.06.2015 19:40;164
25.06.2015 19:50;167
25.06.2015 20:00;161
25.06.2015 20:10;161
25.06.2015 20:20;160
25.06.2015 20:30;154
25.06.2015 20:40;152
25.06.2015 20:50;150
25.06.2015 21:00;151
25.06.2015 21:10;147
25.06.2015 21:20;145
25.06.2015 21:30;141
25.06.2015 21:40;138
25.06.2015 21:50;138
25.06.2015 22:00;134
25.06.2015 22:10;135
25.06.2015 22:20;134
25.06.2015 22:30;139
25.06.2015 22:40;134
25.06.2015 22:50;134
25.06.2015 23:00;131
25.06.2015 23:10;134
25.06.2015 23:20;131
25.06.2015 23:30;128
25.06.2015 23:40;128
25.06.2015 23:50;126
26.06.2015 00:00;131
26.06.2015 00:10;128
26.06.2015 00:20;129
26.06.2015 00:30;126
26.06.2015 00:40;127
26.06.2015 00:50;125
26.06.2015 01:00;119
26.06.2015 01:10;132
26.06.2015 01:20;134
26.06.2015 01:30;135
26.06.2015 01:40;126
26.06.2015 01:50;117
26.06.2015 02:00;116
26.06.2015 02:10;118
26.06.2015 02:20;115
26.06.2015 02:30;112
26.06.2015 02:40;111
26.06.2015 02:50;110
26.06.2015 03:00;106
26.06.2015 03:10;104
26.06.2015 03:20;102
26.06.2015 03:30;102
26.06.2015 03:40;105
26.06.2015 03:50;106
26.06.2015 04:00;104
26.06.2015 04:10;105
26.06.2015 04:20;107
26.06.2015 04:30;109
26.06.2015 04:40;115
26.06.2015 04:50;122
26.06.2015 05:00;126
26.06.2015 05:10;132
26.06.2015 05:20;134
26.06.2015 05:30;134
26.06.2015 05:40;136
26.06.2015 05:50;138
26.06.2015 06:00;140
26.06.2015 06:10;140
26.06.2015 06:20;143
26.06.2015 06:30;147
26.06.2015 06:40;150
26.06.2015 06:50;151
26.06.2015 07:00;158
26.06.2015 07:10;159
26.06.2015 07:20;157
26.06.2015 07:30;165
26.06.2015 07:40;172
26.06.2015 07:50;178
26.06.2015 08:00;179
26.06.2015 08:10;186
26.06.2015 08:20;190
26.06.2015 08:30;190
26.06.2015 08:40;195
26.06.2015 08:50;201
26.06.2015 09:00;204
26.06.2015 09:10;207
26.06.2015 09:20;209
26.06.2015 09:30;213
26.06.2015 09:40;217
26.06.2015 09:50;221
26.06.2015 10:00;224
26.06.2015 10:10;231
26.06.2015 10:20;232
26.06.2015 10:30;232
26.06.2015 10:40;231
26.06.2015 10:50;235
26.06.2015 11:00;237
26.06.2015 11:10;234
26.06.2015 11:20;238
26.06.2015 11:30;241
26.06.2015 11:40;244
26.06.2015 11:50;242
26.06.2015 12:00;242
26.06.2015 12:10;239
26.06.2015 12:20;243
26.06.2015 12:30;252
26.06.2015 12:40;247
26.06.2015 12:50;254
26.06.2015 13:00;246
26.06.2015 13:10;249
26.06.2015 13:20;250
26.06.2015 13:30;253
26.06.2015 13:40;252
26.06.2015 13:50;247
26.06.2015 14:00;251
26.06.2015 14:10;242
26.06.2015 14:20;248
26.06.2015 14:30;242
26.06.2015 14:40;251
26.06.2015 14:50;248
26.06.2015 15:00;249
26.06.2015 15:10;251
26.06.2015 15:20;247
26.06.2015 15:30;248
26.06.2015 15:40;249
26.06.2015 15:50;243
26.06.2015 16:00;244
26.06.2015 16:10;246
26.06.2015 16:20;237
26.06.2015 16:30;233
26.06.2015 16:40;233
26.06.2015 16:50;233
26.06.2015 17:00;231
26.06.2015 17:10;227
26.06.2015 17:20;231
26.06.2015 17:30;230
26.06.2015 17:40;231
26.06.2015 17:50;231
26.06.2015 18:00;228
26.06.2015 18:10;228
26.06.2015 18:20;227
26.06.2015 18:30;225
26.06.2015 18:40;222
26.06.2015 18:50;224
26.06.2015 19:00;216
26.06.2015 19:10;218
26.06.2015 19:20;214
26.06.2015 19:30;211
26.06.2015 19:40;208
26.06.2015 19:50;204
26.06.2015 20:00;206
26.06.2015 20:10;197
26.06.2015 20:20;198
26.06.2015 20:30;198
26.06.2015 20:40;190
26.06.2015 20:50;190
26.06.2015 21:00;186
26.06.2015 21:10;186
26.06.2015 21:20;186
26.06.2015 21:30;180
26.06.2015 21:40;179
26.06.2015 21:50;180
26.06.2015 22:00;182
26.06.2015 22:10;180
26.06.2015 22:20;177
26.06.2015 22:30;177
26.06.2015 22:40;171
26.06.2015 22:50;170
26.06.2015 23:00;172
26.06.2015 23:10;170
26.06.2015 23:20;169
26.06.2015 23:30;169
26.06.2015 23:40;169
26.06.2015 23:50;167
27.06.2015 00:00;168
27.06.2015 00:10;167
27.06.2015 00:20;161
27.06.2015 00:30;154
27.06.2015 00:40;153
27.06.2015 00:50;152
27.06.2015 01:00;154
27.06.2015 01:10;150
27.06.2015 01:20;151
27.06.2015 01:30;147
27.06.2015 01:40;144
27.06.2015 01:50;146
27.06.2015 02:00;143
27.06.2015 02:10;145
27.06.2015 02:20;144
27.06.2015 02:30;140
27.06.2015 02:40;140
27.06.2015 02:50;137
27.06.2015 03:00;141
27.06.2015 03:10;140
27.06.2015 03:20;137
27.06.2015 03:30;138
27.06.2015 03:40;138
27.06.2015 03:50;134
27.06.2015 04:00;135
27.06.2015 04:10;137
27.06.2015 04:20;143
27.06.2015 04:30;146
27.06.2015 04:40;148
27.06.2015 04:50;147
27.06.2015 05:00;150
27.06.2015 05:10;149
27.06.2015 05:20;151
27.06.2015 05:30;153
27.06.2015 05:40;150
27.06.2015 05:50;152
27.06.2015 06:00;153
27.06.2015 06:10;157
27.06.2015 06:20;160
27.06.2015 06:30;163
27.06.2015 06:40;165
27.06.2015 06:50;168
27.06.2015 07:00;172
27.06.2015 07:10;176
27.06.2015 07:20;180
27.06.2015 07:30;178
27.06.2015 07:40;179
27.06.2015 07:50;186
27.06.2015 08:00;191
27.06.2015 08:10;191
27.06.2015 08:20;192
27.06.2015 08:30;192
27.06.2015 08:40;191
27.06.2015 08:50;191
27.06.2015 09:00;191
27.06.2015 09:10;194
27.06.2015 09:20;196
27.06.2015 09:30;198
27.06.2015 09:40;198
27.06.2015 09:50;203
27.06.2015 10:00;212
27.06.2015 10:10;207
27.06.2015 10:20;207
27.06.2015 10:30;213
27.06.2015 10:40;224
27.06.2015 10:50;216
27.06.2015 11:00;220
27.06.2015 11:10;218
27.06.2015 11:20;225
27.06.2015 11:30;234
27.06.2015 11:40;234
27.06.2015 11:50;235
27.06.2015 12:00;230
27.06.2015 12:10;227
27.06.2015 12:20;219
27.06.2015 12:30;219
27.06.2015 12:40;221
27.06.2015 12:50;222
27.06.2015 13:00;221
27.06.2015 13:10;215
27.06.2015 13:20;214
27.06.2015 13:30;206
27.06.2015 13:40;206
27.06.2015 13:50;201
27.06.2015 14:00;186
27.06.2015 14:10;182
27.06.2015 14:20;176
27.06.2015 14:30;169
27.06.2015 14:40;167
27.06.2015 14:50;168
27.06.2015 15:00;172
27.06.2015 15:10;173
27.06.2015 15:20;178
27.06.2015 15:30;184
27.06.2015 15:40;180
27.06.2015 15:50;180
27.06.2015 16:00;179
27.06.2015 16:10;178
27.06.2015 16:20;183
27.06.2015 16:30;183
27.06.2015 16:40;184
27.06.2015 16:50;184
27.06.2015 17:00;182
27.06.2015 17:10;183
27.06.2015 17:20;181
27.06.2015 17:30;180
27.06.2015 17:40;178
27.06.2015 17:50;175
27.06.2015 18:00;173
27.06.2015 18:10;166
27.06.2015 18:20;168
27.06.2015 18:30;166
27.06.2015 18:40;163
27.06.2015 18:50;162
27.06.2015 19:00;159
27.06.2015 19:10;158
27.06.2015 19:20;155
27.06.2015 19:30;155
27.06.2015 19:40;155
27.06.2015 19:50;153
27.06.2015 20:00;152
27.06.2015 20:10;149
27.06.2015 20:20;148
27.06.2015 20:30;149
27.06.2015 20:40;147
27.06.2015 20:50;147
27.06.2015 21:00;146
27.06.2015 21:10;146
27.06.2015 21:20;143
27.06.2015 21:30;141
27.06.2015 21:40;144
27.06.2015 21:50;144
27.06.2015 22:00;145
27.06.2015 22:10;143
27.06.2015 22:20;142
27.06.2015 22:30;143
27.06.2015 22:40;143
27.06.2015 22:50;142
27.06.2015 23:00;142
27.06.2015 23:10;144
27.06.2015 23:20;144
27.06.2015 23:30;144
27.06.2015 23:40;143
27.06.2015 23:50;144
28.06.2015 00:00;145
28.06.2015 00:10;144
28.06.2015 00:20;145
28.06.2015 00:30;145
28.06.2015 00:40;144
28.06.2015 00:50;143
28.06.2015 01:00;143
28.06.2015 01:10;141
28.06.2015 01:20;141
28.06.2015 01:30;141
28.06.2015 01:40;141
28.06.2015 01:50;142
28.06.2015 02:00;141
28.06.2015 02:10;141
28.06.2015 02:20;141
28.06.2015 02:30;141
28.06.2015 02:40;141
28.06.2015 02:50;140
28.06.2015 03:00;139
28.06.2015 03:10;141
28.06.2015 03:20;139
28.06.2015 03:30;139
28.06.2015 03:40;139
28.06.2015 03:50;139
28.06.2015 04:00;137
28.06.2015 04:10;138
28.06.2015 04:20;138
28.06.2015 04:30;137
28.06.2015 04:40;137
28.06.2015 04:50;140
28.06.2015 05:00;141
28.06.2015 05:10;143
28.06.2015 05:20;141
28.06.2015 05:30;144
28.06.2015 05:40;146
28.06.2015 05:50;147
28.06.2015 06:00;149
28.06.2015 06:10;151
28.06.2015 06:20;152
28.06.2015 06:30;155
28.06.2015 06:40;157
28.06.2015 06:50;165
28.06.2015 07:00;168
28.06.2015 07:10;168
28.06.2015 07:20;171
28.06.2015 07:30;172
28.06.2015 07:40;179
28.06.2015 07:50;180
28.06.2015 08:00;180
28.06.2015 08:10;188
28.06.2015 08:20;194
28.06.2015 08:30;192
28.06.2015 08:40;193
28.06.2015 08:50;194
28.06.2015 09:00;195
28.06.2015 09:10;199
28.06.2015 09:20;201
28.06.2015 09:30;202
28.06.2015 09:40;204
28.06.2015 09:50;203
28.06.2015 10:00;203
28.06.2015 10:10;205
28.06.2015 10:20;210
28.06.2015 10:30;209
28.06.2015 10:40;218
28.06.2015 10:50;215
28.06.2015 11:00;219
28.06.2015 11:10;222
28.06.2015 11:20;223
28.06.2015 11:30;221
28.06.2015 11:40;231
28.06.2015 11:50;233
28.06.2015 12:00;232
28.06.2015 12:10;233
28.06.2015 12:20;235
28.06.2015 12:30;235
28.06.2015 12:40;238
28.06.2015 12:50;235
28.06.2015 13:00;239
28.06.2015 13:10;240
28.06.2015 13:20;238
28.06.2015 13:30;239
28.06.2015 13:40;242
28.06.2015 13:50;244
28.06.2015 14:00;241
28.06.2015 14:10;242
28.06.2015 14:20;244
28.06.2015 14:30;244
28.06.2015 14:40;244
28.06.2015 14:50;246
28.06.2015 15:00;244
28.06.2015 15:10;244
28.06.2015 15:20;251
28.06.2015 15:30;246
28.06.2015 15:40;248
28.06.2015 15:50;243
28.06.2015 16:00;241
28.06.2015 16:10;239
28.06.2015 16:20;236
28.06.2015 16:30;233
28.06.2015 16:40;228
28.06.2015 16:50;233
28.06.2015 17:00;233
28.06.2015 17:10;233
28.06.2015 17:20;233
28.06.2015 17:30;229
28.06.2015 17:40;226
28.06.2015 17:50;216
28.06.2015 18:00;214
28.06.2015 18:10;211
28.06.2015 18:20;208
28.06.2015 18:30;210
28.06.2015 18:40;203
28.06.2015 18:50;203
28.06.2015 19:00;202
28.06.2015 19:10;196
28.06.2015 19:20;190
28.06.2015 19:30;184
28.06.2015 19:40;185
28.06.2015 19:50;183
28.06.2015 20:00;180
28.06.2015 20:10;180
28.06.2015 20:20;175
28.06.2015 20:30;175
28.06.2015 20:40;174
28.06.2015 20:50;167
28.06.2015 21:00;170
28.06.2015 21:10;171
28.06.2015 21:20;168
28.06.2015 21:30;169
28.06.2015 21:40;168
28.06.2015 21:50;169
28.06.2015 22:00;168
28.06.2015 22:10;164
28.06.2015 22:20;162
28.06.2015 22:30;160
28.06.2015 22:40;159
28.06.2015 22:50;159
28.06.2015 23:00;158
28.06.2015 23:10;157
28.06.2015 23:20;160
28.06.2015 23:30;158
28.06.2015 23:40;155
28.06.2015 23:50;154
29.06.2015 00:00;152
29.06.2015 00:10;151
29.06.2015 00:20;148
29.06.2015 00:30;145
29.06.2015 00:40;144
29.06.2015 00:50;139
29.06.2015 01:00;141
29.06.2015 01:10;141
29.06.2015 01:20;141
29.06.2015 01:30;140
29.06.2015 01:40;138
29.06.2015 01:50;134
29.06.2015 02:00;132
29.06.2015 02:10;134
29.06.2015 02:20;134
29.06.2015 02:30;132
29.06.2015 02:40;132
29.06.2015 02:50;135
29.06.2015 03:00;131
29.06.2015 03:10;132
29.06.2015 03:20;132
29.06.2015 03:30;131
29.06.2015 03:40;130
29.06.2015 03:50;132
29.06.2015 04:00;129
29.06.2015 04:10;127
29.06.2015 04:20;128
29.06.2015 04:30;129
29.06.2015 04:40;129
29.06.2015 04:50;133
29.06.2015 05:00;133
29.06.2015 05:10;136
29.06.2015 05:20;138
29.06.2015 05:30;143
29.06.2015 05:40;147
29.06.2015 05:50;153
29.06.2015 06:00;154
29.06.2015 06:10;156
29.06.2015 06:20;157
29.06.2015 06:30;163
29.06.2015 06:40;165
29.06.2015 06:50;169
29.06.2015 07:00;169
29.06.2015 07:10;169
29.06.2015 07:20;171
29.06.2015 07:30;173
29.06.2015 07:40;182
29.06.2015 07:50;187
29.06.2015 08:00;186
29.06.2015 08:10;191
29.06.2015 08:20;192
29.06.2015 08:30;194
29.06.2015 08:40;196
29.06.2015 08:50;199
29.06.2015 09:00;206
29.06.2015 09:10;205
29.06.2015 09:20;207
29.06.2015 09:30;211
29.06.2015 09:40;215
29.06.2015 09:50;221
29.06.2015 10:00;219
29.06.2015 10:10;222
29.06.2015 10:20;225
29.06.2015 10:30;230
29.06.2015 10:40;236
29.06.2015 10:50;238
29.06.2015 11:00;237
29.06.2015 11:10;238
29.06.2015 11:20;249
29.06.2015 11:30;248
29.06.2015 11:40;251
29.06.2015 11:50;251
29.06.2015 12:00;252
29.06.2015 12:10;252
29.06.2015 12:20;252
29.06.2015 12:30;252
29.06.2015 12:40;245
29.06.2015 12:50;252
29.06.2015 13:00;253
29.06.2015 13:10;248
29.06.2015 13:20;253
29.06.2015 13:30;251
29.06.2015 13:40;255
29.06.2015 13:50;257
29.06.2015 14:00;256
29.06.2015 14:10;258
29.06.2015 14:20;249
29.06.2015 14:30;246
29.06.2015 14:40;255
29.06.2015 14:50;259
29.06.2015 15:00;260
29.06.2015 15:10;258
29.06.2015 15:20;247
29.06.2015 15:30;250
29.06.2015 15:40;247
29.06.2015 15:50;244
29.06.2015 16:00;248
29.06.2015 16:10;251
29.06.2015 16:20;253
29.06.2015 16:30;248
29.06.2015 16:40;247
29.06.2015 16:50;245
29.06.2015 17:00;243
29.06.2015 17:10;237
29.06.2015 17:20;237
29.06.2015 17:30;236
29.06.2015 17:40;232
29.06.2015 17:50;239
29.06.2015 18:00;228
29.06.2015 18:10;221
29.06.2015 18:20;224
29.06.2015 18:30;224
29.06.2015 18:40;225
29.06.2015 18:50;216
29.06.2015 19:00;215
29.06.2015 19:10;210
29.06.2015 19:20;205
29.06.2015 19:30;205
29.06.2015 19:40;200
29.06.2015 19:50;191
29.06.2015 20:00;197
29.06.2015 20:10;194
29.06.2015 20:20;191
29.06.2015 20:30;176
29.06.2015 20:40;182
29.06.2015 20:50;186
29.06.2015 21:00;181
29.06.2015 21:10;177
29.06.2015 21:20;180
29.06.2015 21:30;172
29.06.2015 21:40;167
29.06.2015 21:50;172
29.06.2015 22:00;167
29.06.2015 22:10;163
29.06.2015 22:20;164
29.06.2015 22:30;160
29.06.2015 22:40;158
29.06.2015 22:50;155
29.06.2015 23:00;155
29.06.2015 23:10;155
29.06.2015 23:20;158
29.06.2015 23:30;154
29.06.2015 23:40;153
29.06.2015 23:50;153
30.06.2015 00:00;149
30.06.2015 00:10;148
30.06.2015 00:20;147
30.06.2015 00:30;152
30.06.2015 00:40;150
30.06.2015 00:50;147
30.06.2015 01:00;150
30.06.2015 01:10;147
30.06.2015 01:20;150
30.06.2015 01:30;141
30.06.2015 01:40;138
30.06.2015 01:50;143
30.06.2015 02:00;141
30.06.2015 02:10;139
30.06.2015 02:20;140
30.06.2015 02:30;140
30.06.2015 02:40;135
30.06.2015 02:50;127
30.06.2015 03:00;130
30.06.2015 03:10;132
30.06.2015 03:20;130
30.06.2015 03:30;135
30.06.2015 03:40;130
30.06.2015 03:50;131
30.06.2015 04:00;129
30.06.2015 04:10;127
30.06.2015 04:20;131
30.06.2015 04:30;136
30.06.2015 04:40;138
30.06.2015 04:50;137
30.06.2015 05:00;140
30.06.2015 05:10;144
30.06.2015 05:20;147
30.06.2015 05:30;149
30.06.2015 05:40;151
30.06.2015 05:50;156
30.06.2015 06:00;159
30.06.2015 06:10;163
30.06.2015 06:20;165
30.06.2015 06:30;169
30.06.2015 06:40;173
30.06.2015 06:50;173
30.06.2015 07:00;179
30.06.2015 07:10;183
30.06.2015 07:20;186
30.06.2015 07:30;190
30.06.2015 07:40;193
30.06.2015 07:50;196
30.06.2015 08:00;199
30.06.2015 08:10;208
30.06.2015 08:20;209
30.06.2015 08:30;212
30.06.2015 08:40;216
30.06.2015 08:50;221
30.06.2015 09:00;224
30.06.2015 09:10;228
30.06.2015 09:20;233
30.06.2015 09:30;235
30.06.2015 09:40;236
30.06.2015 09:50;240
30.06.2015 10:00;246
30.06.2015 10:10;251
30.06.2015 10:20;253
30.06.2015 10:30;256
30.06.2015 10:40;259
30.06.2015 10:50;263
30.06.2015 11:00;263
30.06.2015 11:10;266
30.06.2015 11:20;269
30.06.2015 11:30;271
30.06.2015 11:40;272
30.06.2015 11:50;273
30.06.2015 12:00;276
30.06.2015 12:10;277
30.06.2015 12:20;280
30.06.2015 12:30;280
30.06.2015 12:40;281
30.06.2015 12:50;283
30.06.2015 13:00;286
30.06.2015 13:10;282
30.06.2015 13:20;285
30.06.2015 13:30;288
30.06.2015 13:40;288
30.06.2015 13:50;283
30.06.2015 14:00;283
30.06.2015 14:10;288
30.06.2015 14:20;285
30.06.2015 14:30;289
30.06.2015 14:40;288
30.06.2015 14:50;288
30.06.2015 15:00;285
30.06.2015 15:10;285
30.06.2015 15:20;290
30.06.2015 15:30;288
30.06.2015 15:40;286
30.06.2015 15:50;282
30.06.2015 16:00;287
30.06.2015 16:10;285
30.06.2015 16:20;277
30.06.2015 16:30;274
30.06.2015 16:40;275
30.06.2015 16:50;274
30.06.2015 17:00;273
30.06.2015 17:10;270
30.06.2015 17:20;273
30.06.2015 17:30;272
30.06.2015 17:40;265
30.06.2015 17:50;259
30.06.2015 18:00;246
30.06.2015 18:10;245
30.06.2015 18:20;244
30.06.2015 18:30;238
30.06.2015 18:40;239
30.06.2015 18:50;233
30.06.2015 19:00;227
30.06.2015 19:10;228
30.06.2015 19:20;223
30.06.2015 19:30;220
30.06.2015 19:40;218
30.06.2015 19:50;210
30.06.2015 20:00;216
30.06.2015 20:10;206
30.06.2015 20:20;206
30.06.2015 20:30;204
30.06.2015 20:40;198
30.06.2015 20:50;201
30.06.2015 21:00;192
30.06.2015 21:10;194
30.06.2015 21:20;190
30.06.2015 21:30;197
30.06.2015 21:40;194
30.06.2015 21:50;188
30.06.2015 22:00;185
30.06.2015 22:10;183
30.06.2015 22:20;178
30.06.2015 22:30;175
30.06.2015 22:40;176
30.06.2015 22:50;174
30.06.2015 23:00;170
30.06.2015 23:10;173
30.06.2015 23:20;169
30.06.2015 23:30;169
30.06.2015 23:40;172
30.06.2015 23:50;172